1,Toyota
2,Volkswagen
3,Skoda
4,Kia
5,Hyundai
6,Ford
7,Opel
8,Renault
9,Peugeot
10,Citroen
11,Fiat
12,Nissan
13,Mazda
14,Honda
15,Suzuki
16,Volvo
17,BMW
18,Audi
19,Mercedes
20,Dacia
21,Seat
22,Cupra
23,Jeep
24,Lexus
25,Mini
26,Alfa Romeo
27,Mitsubishi
28,Subaru
29,Land Rover
30,Tesla
31,Porsche
32,Jaguar
33,Chevrolet
34,Chrysler
35,Saab
36,Infiniti
37,Acura
38,Smart
39,DS
40,Abarth
41,MarkaAuto 41
42,MarkaAuto 42
43,MarkaAuto 43
44,MarkaAuto 44
45,MarkaAuto 45
46,MarkaAuto 46
47,MarkaAuto 47
48,MarkaAuto 48
49,MarkaAuto 49
50,MarkaAuto 50
51,MarkaAuto 51
52,MarkaAuto 52
53,MarkaAuto 53
54,MarkaAuto 54
55,MarkaAuto 55
56,MarkaAuto 56
57,MarkaAuto 57
58,MarkaAuto 58
59,MarkaAuto 59
60,MarkaAuto 60
61,MarkaAuto 61
62,MarkaAuto 62
63,MarkaAuto 63
64,MarkaAuto 64
65,MarkaAuto 65
66,MarkaAuto 66
67,MarkaAuto 67
68,MarkaAuto 68
69,MarkaAuto 69
70,MarkaAuto 70
71,MarkaAuto 71
72,MarkaAuto 72
73,MarkaAuto 73
74,MarkaAuto 74
75,MarkaAuto 75
76,MarkaAuto 76
77,MarkaAuto 77
78,MarkaAuto 78
79,MarkaAuto 79
80,MarkaAuto 80
