1,1,POL-00000001,2025-01-02,2026-01-02,10059,227
2,2,POL-00000002,2025-01-03,2026-01-03,10118,234
3,3,POL-00000003,2025-01-04,2026-01-04,10177,241
4,4,POL-00000004,2025-01-05,2026-01-05,10236,248
5,5,POL-00000005,2025-01-06,2026-01-06,10295,255
6,6,POL-00000006,2025-01-07,2026-01-07,10354,262
7,7,POL-00000007,2025-01-08,2026-01-08,10413,269
8,8,POL-00000008,2025-01-09,2026-01-09,10472,276
9,9,POL-00000009,2025-01-10,2026-01-10,10531,283
10,10,POL-00000010,2025-01-11,2026-01-11,10590,290
11,11,POL-00000011,2025-01-12,2026-01-12,10649,297
12,12,POL-00000012,2025-01-13,2026-01-13,10708,304
13,1,POL-00000013,2025-01-14,2026-01-14,10767,311
14,2,POL-00000014,2025-01-15,2026-01-15,10826,318
15,3,POL-00000015,2025-01-16,2026-01-16,10885,325
16,4,POL-00000016,2025-01-17,2026-01-17,10944,332
17,5,POL-00000017,2025-01-18,2026-01-18,11003,339
18,6,POL-00000018,2025-01-19,2026-01-19,11062,346
19,7,POL-00000019,2025-01-20,2026-01-20,11121,353
20,8,POL-00000020,2025-01-21,2026-01-21,11180,360
21,9,POL-00000021,2025-01-22,2026-01-22,11239,367
22,10,POL-00000022,2025-01-23,2026-01-23,11298,374
23,11,POL-00000023,2025-01-24,2026-01-24,11357,381
24,12,POL-00000024,2025-01-25,2026-01-25,11416,388
25,1,POL-00000025,2025-01-26,2026-01-26,11475,395
26,2,POL-00000026,2025-01-27,2026-01-27,11534,402
27,3,POL-00000027,2025-01-28,2026-01-28,11593,409
28,4,POL-00000028,2025-01-29,2026-01-29,11652,416
29,5,POL-00000029,2025-01-30,2026-01-30,11711,423
30,6,POL-00000030,2025-01-31,2026-01-31,11770,430
31,7,POL-00000031,2025-02-01,2026-02-01,11829,437
32,8,POL-00000032,2025-02-02,2026-02-02,11888,444
33,9,POL-00000033,2025-02-03,2026-02-03,11947,451
34,10,POL-00000034,2025-02-04,2026-02-04,12006,458
35,11,POL-00000035,2025-02-05,2026-02-05,12065,465
36,12,POL-00000036,2025-02-06,2026-02-06,12124,472
37,1,POL-00000037,2025-02-07,2026-02-07,12183,479
38,2,POL-00000038,2025-02-08,2026-02-08,12242,486
39,3,POL-00000039,2025-02-09,2026-02-09,12301,493
40,4,POL-00000040,2025-02-10,2026-02-10,12360,500
41,5,POL-00000041,2025-02-11,2026-02-11,12419,507
42,6,POL-00000042,2025-02-12,2026-02-12,12478,514
43,7,POL-00000043,2025-02-13,2026-02-13,12537,521
44,8,POL-00000044,2025-02-14,2026-02-14,12596,528
45,9,POL-00000045,2025-02-15,2026-02-15,12655,535
46,10,POL-00000046,2025-02-16,2026-02-16,12714,542
47,11,POL-00000047,2025-02-17,2026-02-17,12773,549
48,12,POL-00000048,2025-02-18,2026-02-18,12832,556
49,1,POL-00000049,2025-02-19,2026-02-19,12891,563
50,2,POL-00000050,2025-02-20,2026-02-20,12950,570
51,3,POL-00000051,2025-02-21,2026-02-21,13009,577
52,4,POL-00000052,2025-02-22,2026-02-22,13068,584
53,5,POL-00000053,2025-02-23,2026-02-23,13127,591
54,6,POL-00000054,2025-02-24,2026-02-24,13186,598
55,7,POL-00000055,2025-02-25,2026-02-25,13245,605
56,8,POL-00000056,2025-02-26,2026-02-26,13304,612
57,9,POL-00000057,2025-02-27,2026-02-27,13363,619
58,10,POL-00000058,2025-02-28,2026-02-28,13422,626
59,11,POL-00000059,2025-03-01,2026-03-01,13481,633
60,12,POL-00000060,2025-03-02,2026-03-02,13540,640
61,1,POL-00000061,2025-03-03,2026-03-03,13599,647
62,2,POL-00000062,2025-03-04,2026-03-04,13658,654
63,3,POL-00000063,2025-03-05,2026-03-05,13717,661
64,4,POL-00000064,2025-03-06,2026-03-06,13776,668
65,5,POL-00000065,2025-03-07,2026-03-07,13835,675
66,6,POL-00000066,2025-03-08,2026-03-08,13894,682
67,7,POL-00000067,2025-03-09,2026-03-09,13953,689
68,8,POL-00000068,2025-03-10,2026-03-10,14012,696
69,9,POL-00000069,2025-03-11,2026-03-11,14071,703
70,10,POL-00000070,2025-03-12,2026-03-12,14130,710
71,11,POL-00000071,2025-03-13,2026-03-13,14189,717
72,12,POL-00000072,2025-03-14,2026-03-14,14248,724
73,1,POL-00000073,2025-03-15,2026-03-15,14307,731
74,2,POL-00000074,2025-03-16,2026-03-16,14366,738
75,3,POL-00000075,2025-03-17,2026-03-17,14425,745
76,4,POL-00000076,2025-03-18,2026-03-18,14484,752
77,5,POL-00000077,2025-03-19,2026-03-19,14543,759
78,6,POL-00000078,2025-03-20,2026-03-20,14602,766
79,7,POL-00000079,2025-03-21,2026-03-21,14661,773
80,8,POL-00000080,2025-03-22,2026-03-22,14720,780
81,9,POL-00000081,2025-03-23,2026-03-23,14779,787
82,10,POL-00000082,2025-03-24,2026-03-24,14838,794
83,11,POL-00000083,2025-03-25,2026-03-25,14897,801
84,12,POL-00000084,2025-03-26,2026-03-26,14956,808
85,1,POL-00000085,2025-03-27,2026-03-27,15015,815
86,2,POL-00000086,2025-03-28,2026-03-28,15074,822
87,3,POL-00000087,2025-03-29,2026-03-29,15133,829
88,4,POL-00000088,2025-03-30,2026-03-30,15192,836
89,5,POL-00000089,2025-03-31,2026-03-31,15251,843
90,6,POL-00000090,2025-04-01,2026-04-01,15310,850
91,7,POL-00000091,2025-04-02,2026-04-02,15369,857
92,8,POL-00000092,2025-04-03,2026-04-03,15428,864
93,9,POL-00000093,2025-04-04,2026-04-04,15487,871
94,10,POL-00000094,2025-04-05,2026-04-05,15546,878
95,11,POL-00000095,2025-04-06,2026-04-06,15605,885
96,12,POL-00000096,2025-04-07,2026-04-07,15664,892
97,1,POL-00000097,2025-04-08,2026-04-08,15723,899
98,2,POL-00000098,2025-04-09,2026-04-09,15782,906
99,3,POL-00000099,2025-04-10,2026-04-10,15841,913
100,4,POL-00000100,2025-04-11,2026-04-11,15900,920
101,5,POL-00000101,2025-04-12,2026-04-12,15959,927
102,6,POL-00000102,2025-04-13,2026-04-13,16018,934
103,7,POL-00000103,2025-04-14,2026-04-14,16077,941
104,8,POL-00000104,2025-04-15,2026-04-15,16136,948
105,9,POL-00000105,2025-04-16,2026-04-16,16195,955
106,10,POL-00000106,2025-04-17,2026-04-17,16254,962
107,11,POL-00000107,2025-04-18,2026-04-18,16313,969
108,12,POL-00000108,2025-04-19,2026-04-19,16372,976
109,1,POL-00000109,2025-04-20,2026-04-20,16431,983
110,2,POL-00000110,2025-04-21,2026-04-21,16490,990
111,3,POL-00000111,2025-04-22,2026-04-22,16549,997
112,4,POL-00000112,2025-04-23,2026-04-23,16608,1004
113,5,POL-00000113,2025-04-24,2026-04-24,16667,1011
114,6,POL-00000114,2025-04-25,2026-04-25,16726,1018
115,7,POL-00000115,2025-04-26,2026-04-26,16785,1025
116,8,POL-00000116,2025-04-27,2026-04-27,16844,1032
117,9,POL-00000117,2025-04-28,2026-04-28,16903,1039
118,10,POL-00000118,2025-04-29,2026-04-29,16962,1046
119,11,POL-00000119,2025-04-30,2026-04-30,17021,1053
120,12,POL-00000120,2025-05-01,2026-05-01,17080,1060
121,1,POL-00000121,2025-05-02,2026-05-02,17139,1067
122,2,POL-00000122,2025-05-03,2026-05-03,17198,1074
123,3,POL-00000123,2025-05-04,2026-05-04,17257,1081
124,4,POL-00000124,2025-05-05,2026-05-05,17316,1088
125,5,POL-00000125,2025-05-06,2026-05-06,17375,1095
126,6,POL-00000126,2025-05-07,2026-05-07,17434,1102
127,7,POL-00000127,2025-05-08,2026-05-08,17493,1109
128,8,POL-00000128,2025-05-09,2026-05-09,17552,1116
129,9,POL-00000129,2025-05-10,2026-05-10,17611,1123
130,10,POL-00000130,2025-05-11,2026-05-11,17670,1130
131,11,POL-00000131,2025-05-12,2026-05-12,17729,1137
132,12,POL-00000132,2025-05-13,2026-05-13,17788,1144
133,1,POL-00000133,2025-05-14,2026-05-14,17847,1151
134,2,POL-00000134,2025-05-15,2026-05-15,17906,1158
135,3,POL-00000135,2025-05-16,2026-05-16,17965,1165
136,4,POL-00000136,2025-05-17,2026-05-17,18024,1172
137,5,POL-00000137,2025-05-18,2026-05-18,18083,1179
138,6,POL-00000138,2025-05-19,2026-05-19,18142,1186
139,7,POL-00000139,2025-05-20,2026-05-20,18201,1193
140,8,POL-00000140,2025-05-21,2026-05-21,18260,1200
141,9,POL-00000141,2025-05-22,2026-05-22,18319,1207
142,10,POL-00000142,2025-05-23,2026-05-23,18378,1214
143,11,POL-00000143,2025-05-24,2026-05-24,18437,1221
144,12,POL-00000144,2025-05-25,2026-05-25,18496,1228
145,1,POL-00000145,2025-05-26,2026-05-26,18555,1235
146,2,POL-00000146,2025-05-27,2026-05-27,18614,1242
147,3,POL-00000147,2025-05-28,2026-05-28,18673,1249
148,4,POL-00000148,2025-05-29,2026-05-29,18732,1256
149,5,POL-00000149,2025-05-30,2026-05-30,18791,1263
150,6,POL-00000150,2025-05-31,2026-05-31,18850,1270
151,7,POL-00000151,2025-06-01,2026-06-01,18909,1277
152,8,POL-00000152,2025-06-02,2026-06-02,18968,1284
153,9,POL-00000153,2025-06-03,2026-06-03,19027,1291
154,10,POL-00000154,2025-06-04,2026-06-04,19086,1298
155,11,POL-00000155,2025-06-05,2026-06-05,19145,1305
156,12,POL-00000156,2025-06-06,2026-06-06,19204,1312
157,1,POL-00000157,2025-06-07,2026-06-07,19263,1319
158,2,POL-00000158,2025-06-08,2026-06-08,19322,1326
159,3,POL-00000159,2025-06-09,2026-06-09,19381,1333
160,4,POL-00000160,2025-06-10,2026-06-10,19440,1340
161,5,POL-00000161,2025-06-11,2026-06-11,19499,1347
162,6,POL-00000162,2025-06-12,2026-06-12,19558,1354
163,7,POL-00000163,2025-06-13,2026-06-13,19617,1361
164,8,POL-00000164,2025-06-14,2026-06-14,19676,1368
165,9,POL-00000165,2025-06-15,2026-06-15,19735,1375
166,10,POL-00000166,2025-06-16,2026-06-16,19794,1382
167,11,POL-00000167,2025-06-17,2026-06-17,19853,1389
168,12,POL-00000168,2025-06-18,2026-06-18,19912,1396
169,1,POL-00000169,2025-06-19,2026-06-19,19971,1403
170,2,POL-00000170,2025-06-20,2026-06-20,20030,1410
171,3,POL-00000171,2025-06-21,2026-06-21,20089,1417
172,4,POL-00000172,2025-06-22,2026-06-22,20148,1424
173,5,POL-00000173,2025-06-23,2026-06-23,20207,1431
174,6,POL-00000174,2025-06-24,2026-06-24,20266,1438
175,7,POL-00000175,2025-06-25,2026-06-25,20325,1445
176,8,POL-00000176,2025-06-26,2026-06-26,20384,1452
177,9,POL-00000177,2025-06-27,2026-06-27,20443,1459
178,10,POL-00000178,2025-06-28,2026-06-28,20502,1466
179,11,POL-00000179,2025-06-29,2026-06-29,20561,1473
180,12,POL-00000180,2025-06-30,2026-06-30,20620,1480
181,1,POL-00000181,2025-07-01,2026-07-01,20679,1487
182,2,POL-00000182,2025-07-02,2026-07-02,20738,1494
183,3,POL-00000183,2025-07-03,2026-07-03,20797,1501
184,4,POL-00000184,2025-07-04,2026-07-04,20856,1508
185,5,POL-00000185,2025-07-05,2026-07-05,20915,1515
186,6,POL-00000186,2025-07-06,2026-07-06,20974,1522
187,7,POL-00000187,2025-07-07,2026-07-07,21033,1529
188,8,POL-00000188,2025-07-08,2026-07-08,21092,1536
189,9,POL-00000189,2025-07-09,2026-07-09,21151,1543
190,10,POL-00000190,2025-07-10,2026-07-10,21210,1550
191,11,POL-00000191,2025-07-11,2026-07-11,21269,1557
192,12,POL-00000192,2025-07-12,2026-07-12,21328,1564
193,1,POL-00000193,2025-07-13,2026-07-13,21387,1571
194,2,POL-00000194,2025-07-14,2026-07-14,21446,1578
195,3,POL-00000195,2025-07-15,2026-07-15,21505,1585
196,4,POL-00000196,2025-07-16,2026-07-16,21564,1592
197,5,POL-00000197,2025-07-17,2026-07-17,21623,1599
198,6,POL-00000198,2025-07-18,2026-07-18,21682,1606
199,7,POL-00000199,2025-07-19,2026-07-19,21741,1613
200,8,POL-00000200,2025-07-20,2026-07-20,21800,1620
201,9,POL-00000201,2025-07-21,2026-07-21,21859,1627
202,10,POL-00000202,2025-07-22,2026-07-22,21918,1634
203,11,POL-00000203,2025-07-23,2026-07-23,21977,1641
204,12,POL-00000204,2025-07-24,2026-07-24,22036,1648
205,1,POL-00000205,2025-07-25,2026-07-25,22095,1655
206,2,POL-00000206,2025-07-26,2026-07-26,22154,1662
207,3,POL-00000207,2025-07-27,2026-07-27,22213,1669
208,4,POL-00000208,2025-07-28,2026-07-28,22272,1676
209,5,POL-00000209,2025-07-29,2026-07-29,22331,1683
210,6,POL-00000210,2025-07-30,2026-07-30,22390,1690
211,7,POL-00000211,2025-07-31,2026-07-31,22449,1697
212,8,POL-00000212,2025-08-01,2026-08-01,22508,1704
213,9,POL-00000213,2025-08-02,2026-08-02,22567,1711
214,10,POL-00000214,2025-08-03,2026-08-03,22626,1718
215,11,POL-00000215,2025-08-04,2026-08-04,22685,1725
216,12,POL-00000216,2025-08-05,2026-08-05,22744,1732
217,1,POL-00000217,2025-08-06,2026-08-06,22803,1739
218,2,POL-00000218,2025-08-07,2026-08-07,22862,1746
219,3,POL-00000219,2025-08-08,2026-08-08,22921,1753
220,4,POL-00000220,2025-08-09,2026-08-09,22980,1760
221,5,POL-00000221,2025-08-10,2026-08-10,23039,1767
222,6,POL-00000222,2025-08-11,2026-08-11,23098,1774
223,7,POL-00000223,2025-08-12,2026-08-12,23157,1781
224,8,POL-00000224,2025-08-13,2026-08-13,23216,1788
225,9,POL-00000225,2025-08-14,2026-08-14,23275,1795
226,10,POL-00000226,2025-08-15,2026-08-15,23334,1802
227,11,POL-00000227,2025-08-16,2026-08-16,23393,1809
228,12,POL-00000228,2025-08-17,2026-08-17,23452,1816
229,1,POL-00000229,2025-08-18,2026-08-18,23511,1823
230,2,POL-00000230,2025-08-19,2026-08-19,23570,1830
231,3,POL-00000231,2025-08-20,2026-08-20,23629,1837
232,4,POL-00000232,2025-08-21,2026-08-21,23688,1844
233,5,POL-00000233,2025-08-22,2026-08-22,23747,1851
234,6,POL-00000234,2025-08-23,2026-08-23,23806,1858
235,7,POL-00000235,2025-08-24,2026-08-24,23865,1865
236,8,POL-00000236,2025-08-25,2026-08-25,23924,1872
237,9,POL-00000237,2025-08-26,2026-08-26,23983,1879
238,10,POL-00000238,2025-08-27,2026-08-27,24042,1886
239,11,POL-00000239,2025-08-28,2026-08-28,24101,1893
240,12,POL-00000240,2025-08-29,2026-08-29,24160,1900
241,1,POL-00000241,2025-08-30,2026-08-30,24219,1907
242,2,POL-00000242,2025-08-31,2026-08-31,24278,1914
243,3,POL-00000243,2025-09-01,2026-09-01,24337,1921
244,4,POL-00000244,2025-09-02,2026-09-02,24396,1928
245,5,POL-00000245,2025-09-03,2026-09-03,24455,1935
246,6,POL-00000246,2025-09-04,2026-09-04,24514,1942
247,7,POL-00000247,2025-09-05,2026-09-05,24573,1949
248,8,POL-00000248,2025-09-06,2026-09-06,24632,1956
249,9,POL-00000249,2025-09-07,2026-09-07,24691,1963
250,10,POL-00000250,2025-09-08,2026-09-08,24750,1970
251,11,POL-00000251,2025-09-09,2026-09-09,24809,1977
252,12,POL-00000252,2025-09-10,2026-09-10,24868,1984
253,1,POL-00000253,2025-09-11,2026-09-11,24927,1991
254,2,POL-00000254,2025-09-12,2026-09-12,24986,1998
255,3,POL-00000255,2025-09-13,2026-09-13,25045,2005
256,4,POL-00000256,2025-09-14,2026-09-14,25104,2012
257,5,POL-00000257,2025-09-15,2026-09-15,25163,2019
258,6,POL-00000258,2025-09-16,2026-09-16,25222,2026
259,7,POL-00000259,2025-09-17,2026-09-17,25281,2033
260,8,POL-00000260,2025-09-18,2026-09-18,25340,2040
261,9,POL-00000261,2025-09-19,2026-09-19,25399,2047
262,10,POL-00000262,2025-09-20,2026-09-20,25458,2054
263,11,POL-00000263,2025-09-21,2026-09-21,25517,2061
264,12,POL-00000264,2025-09-22,2026-09-22,25576,2068
265,1,POL-00000265,2025-09-23,2026-09-23,25635,2075
266,2,POL-00000266,2025-09-24,2026-09-24,25694,2082
267,3,POL-00000267,2025-09-25,2026-09-25,25753,2089
268,4,POL-00000268,2025-09-26,2026-09-26,25812,2096
269,5,POL-00000269,2025-09-27,2026-09-27,25871,2103
270,6,POL-00000270,2025-09-28,2026-09-28,25930,2110
271,7,POL-00000271,2025-09-29,2026-09-29,25989,2117
272,8,POL-00000272,2025-09-30,2026-09-30,26048,224
273,9,POL-00000273,2025-10-01,2026-10-01,26107,231
274,10,POL-00000274,2025-10-02,2026-10-02,26166,238
275,11,POL-00000275,2025-10-03,2026-10-03,26225,245
276,12,POL-00000276,2025-10-04,2026-10-04,26284,252
277,1,POL-00000277,2025-10-05,2026-10-05,26343,259
278,2,POL-00000278,2025-10-06,2026-10-06,26402,266
279,3,POL-00000279,2025-10-07,2026-10-07,26461,273
280,4,POL-00000280,2025-10-08,2026-10-08,26520,280
281,5,POL-00000281,2025-10-09,2026-10-09,26579,287
282,6,POL-00000282,2025-10-10,2026-10-10,26638,294
283,7,POL-00000283,2025-10-11,2026-10-11,26697,301
284,8,POL-00000284,2025-10-12,2026-10-12,26756,308
285,9,POL-00000285,2025-10-13,2026-10-13,26815,315
286,10,POL-00000286,2025-10-14,2026-10-14,26874,322
287,11,POL-00000287,2025-10-15,2026-10-15,26933,329
288,12,POL-00000288,2025-10-16,2026-10-16,26992,336
289,1,POL-00000289,2025-10-17,2026-10-17,27051,343
290,2,POL-00000290,2025-10-18,2026-10-18,27110,350
291,3,POL-00000291,2025-10-19,2026-10-19,27169,357
292,4,POL-00000292,2025-10-20,2026-10-20,27228,364
293,5,POL-00000293,2025-10-21,2026-10-21,27287,371
294,6,POL-00000294,2025-10-22,2026-10-22,27346,378
295,7,POL-00000295,2025-10-23,2026-10-23,27405,385
296,8,POL-00000296,2025-10-24,2026-10-24,27464,392
297,9,POL-00000297,2025-10-25,2026-10-25,27523,399
298,10,POL-00000298,2025-10-26,2026-10-26,27582,406
299,11,POL-00000299,2025-10-27,2026-10-27,27641,413
300,12,POL-00000300,2025-10-28,2026-10-28,27700,420
301,1,POL-00000301,2025-10-29,2026-10-29,27759,427
302,2,POL-00000302,2025-10-30,2026-10-30,27818,434
303,3,POL-00000303,2025-10-31,2026-10-31,27877,441
304,4,POL-00000304,2025-11-01,2026-11-01,27936,448
305,5,POL-00000305,2025-11-02,2026-11-02,27995,455
306,6,POL-00000306,2025-11-03,2026-11-03,28054,462
307,7,POL-00000307,2025-11-04,2026-11-04,28113,469
308,8,POL-00000308,2025-11-05,2026-11-05,28172,476
309,9,POL-00000309,2025-11-06,2026-11-06,28231,483
310,10,POL-00000310,2025-11-07,2026-11-07,28290,490
311,11,POL-00000311,2025-11-08,2026-11-08,28349,497
312,12,POL-00000312,2025-11-09,2026-11-09,28408,504
313,1,POL-00000313,2025-11-10,2026-11-10,28467,511
314,2,POL-00000314,2025-11-11,2026-11-11,28526,518
315,3,POL-00000315,2025-11-12,2026-11-12,28585,525
316,4,POL-00000316,2025-11-13,2026-11-13,28644,532
317,5,POL-00000317,2025-11-14,2026-11-14,28703,539
318,6,POL-00000318,2025-11-15,2026-11-15,28762,546
319,7,POL-00000319,2025-11-16,2026-11-16,28821,553
320,8,POL-00000320,2025-11-17,2026-11-17,28880,560
321,9,POL-00000321,2025-11-18,2026-11-18,28939,567
322,10,POL-00000322,2025-11-19,2026-11-19,28998,574
323,11,POL-00000323,2025-11-20,2026-11-20,29057,581
324,12,POL-00000324,2025-11-21,2026-11-21,29116,588
325,1,POL-00000325,2025-11-22,2026-11-22,29175,595
326,2,POL-00000326,2025-11-23,2026-11-23,29234,602
327,3,POL-00000327,2025-11-24,2026-11-24,29293,609
328,4,POL-00000328,2025-11-25,2026-11-25,29352,616
329,5,POL-00000329,2025-11-26,2026-11-26,29411,623
330,6,POL-00000330,2025-11-27,2026-11-27,29470,630
331,7,POL-00000331,2025-11-28,2026-11-28,29529,637
332,8,POL-00000332,2025-11-29,2026-11-29,29588,644
333,9,POL-00000333,2025-11-30,2026-11-30,29647,651
334,10,POL-00000334,2025-12-01,2026-12-01,29706,658
335,11,POL-00000335,2025-12-02,2026-12-02,29765,665
336,12,POL-00000336,2025-12-03,2026-12-03,29824,672
337,1,POL-00000337,2025-12-04,2026-12-04,29883,679
338,2,POL-00000338,2025-12-05,2026-12-05,29942,686
339,3,POL-00000339,2025-12-06,2026-12-06,30001,693
340,4,POL-00000340,2025-12-07,2026-12-07,30060,700
341,5,POL-00000341,2025-12-08,2026-12-08,30119,707
342,6,POL-00000342,2025-12-09,2026-12-09,30178,714
343,7,POL-00000343,2025-12-10,2026-12-10,30237,721
344,8,POL-00000344,2025-12-11,2026-12-11,30296,728
345,9,POL-00000345,2025-12-12,2026-12-12,30355,735
346,10,POL-00000346,2025-12-13,2026-12-13,30414,742
347,11,POL-00000347,2025-12-14,2026-12-14,30473,749
348,12,POL-00000348,2025-12-15,2026-12-15,30532,756
349,1,POL-00000349,2025-12-16,2026-12-16,30591,763
350,2,POL-00000350,2025-12-17,2026-12-17,30650,770
351,3,POL-00000351,2025-12-18,2026-12-18,30709,777
352,4,POL-00000352,2025-12-19,2026-12-19,30768,784
353,5,POL-00000353,2025-12-20,2026-12-20,30827,791
354,6,POL-00000354,2025-12-21,2026-12-21,30886,798
355,7,POL-00000355,2025-12-22,2026-12-22,30945,805
356,8,POL-00000356,2025-12-23,2026-12-23,31004,812
357,9,POL-00000357,2025-12-24,2026-12-24,31063,819
358,10,POL-00000358,2025-12-25,2026-12-25,31122,826
359,11,POL-00000359,2025-12-26,2026-12-26,31181,833
360,12,POL-00000360,2025-12-27,2026-12-27,31240,840
361,1,POL-00000361,2025-12-28,2026-12-28,31299,847
362,2,POL-00000362,2025-12-29,2026-12-29,31358,854
363,3,POL-00000363,2025-12-30,2026-12-30,31417,861
364,4,POL-00000364,2025-12-31,2026-12-31,31476,868
365,5,POL-00000365,2025-01-01,2026-01-01,31535,875
366,6,POL-00000366,2025-01-02,2026-01-02,31594,882
367,7,POL-00000367,2025-01-03,2026-01-03,31653,889
368,8,POL-00000368,2025-01-04,2026-01-04,31712,896
369,9,POL-00000369,2025-01-05,2026-01-05,31771,903
370,10,POL-00000370,2025-01-06,2026-01-06,31830,910
371,11,POL-00000371,2025-01-07,2026-01-07,31889,917
372,12,POL-00000372,2025-01-08,2026-01-08,31948,924
373,1,POL-00000373,2025-01-09,2026-01-09,32007,931
374,2,POL-00000374,2025-01-10,2026-01-10,32066,938
375,3,POL-00000375,2025-01-11,2026-01-11,32125,945
376,4,POL-00000376,2025-01-12,2026-01-12,32184,952
377,5,POL-00000377,2025-01-13,2026-01-13,32243,959
378,6,POL-00000378,2025-01-14,2026-01-14,32302,966
379,7,POL-00000379,2025-01-15,2026-01-15,32361,973
380,8,POL-00000380,2025-01-16,2026-01-16,32420,980
381,9,POL-00000381,2025-01-17,2026-01-17,32479,987
382,10,POL-00000382,2025-01-18,2026-01-18,32538,994
383,11,POL-00000383,2025-01-19,2026-01-19,32597,1001
384,12,POL-00000384,2025-01-20,2026-01-20,32656,1008
385,1,POL-00000385,2025-01-21,2026-01-21,32715,1015
386,2,POL-00000386,2025-01-22,2026-01-22,32774,1022
387,3,POL-00000387,2025-01-23,2026-01-23,32833,1029
388,4,POL-00000388,2025-01-24,2026-01-24,32892,1036
389,5,POL-00000389,2025-01-25,2026-01-25,32951,1043
390,6,POL-00000390,2025-01-26,2026-01-26,33010,1050
391,7,POL-00000391,2025-01-27,2026-01-27,33069,1057
392,8,POL-00000392,2025-01-28,2026-01-28,33128,1064
393,9,POL-00000393,2025-01-29,2026-01-29,33187,1071
394,10,POL-00000394,2025-01-30,2026-01-30,33246,1078
395,11,POL-00000395,2025-01-31,2026-01-31,33305,1085
396,12,POL-00000396,2025-02-01,2026-02-01,33364,1092
397,1,POL-00000397,2025-02-02,2026-02-02,33423,1099
398,2,POL-00000398,2025-02-03,2026-02-03,33482,1106
399,3,POL-00000399,2025-02-04,2026-02-04,33541,1113
400,4,POL-00000400,2025-02-05,2026-02-05,33600,1120
401,5,POL-00000401,2025-02-06,2026-02-06,33659,1127
402,6,POL-00000402,2025-02-07,2026-02-07,33718,1134
403,7,POL-00000403,2025-02-08,2026-02-08,33777,1141
404,8,POL-00000404,2025-02-09,2026-02-09,33836,1148
405,9,POL-00000405,2025-02-10,2026-02-10,33895,1155
406,10,POL-00000406,2025-02-11,2026-02-11,33954,1162
407,11,POL-00000407,2025-02-12,2026-02-12,34013,1169
408,12,POL-00000408,2025-02-13,2026-02-13,34072,1176
409,1,POL-00000409,2025-02-14,2026-02-14,34131,1183
410,2,POL-00000410,2025-02-15,2026-02-15,34190,1190
411,3,POL-00000411,2025-02-16,2026-02-16,34249,1197
412,4,POL-00000412,2025-02-17,2026-02-17,34308,1204
413,5,POL-00000413,2025-02-18,2026-02-18,34367,1211
414,6,POL-00000414,2025-02-19,2026-02-19,34426,1218
415,7,POL-00000415,2025-02-20,2026-02-20,34485,1225
416,8,POL-00000416,2025-02-21,2026-02-21,34544,1232
417,9,POL-00000417,2025-02-22,2026-02-22,34603,1239
418,10,POL-00000418,2025-02-23,2026-02-23,34662,1246
419,11,POL-00000419,2025-02-24,2026-02-24,34721,1253
420,12,POL-00000420,2025-02-25,2026-02-25,34780,1260
421,1,POL-00000421,2025-02-26,2026-02-26,34839,1267
422,2,POL-00000422,2025-02-27,2026-02-27,34898,1274
423,3,POL-00000423,2025-02-28,2026-02-28,34957,1281
424,4,POL-00000424,2025-03-01,2026-03-01,35016,1288
425,5,POL-00000425,2025-03-02,2026-03-02,35075,1295
426,6,POL-00000426,2025-03-03,2026-03-03,35134,1302
427,7,POL-00000427,2025-03-04,2026-03-04,35193,1309
428,8,POL-00000428,2025-03-05,2026-03-05,35252,1316
429,9,POL-00000429,2025-03-06,2026-03-06,35311,1323
430,10,POL-00000430,2025-03-07,2026-03-07,35370,1330
431,11,POL-00000431,2025-03-08,2026-03-08,35429,1337
432,12,POL-00000432,2025-03-09,2026-03-09,35488,1344
433,1,POL-00000433,2025-03-10,2026-03-10,35547,1351
434,2,POL-00000434,2025-03-11,2026-03-11,35606,1358
435,3,POL-00000435,2025-03-12,2026-03-12,35665,1365
436,4,POL-00000436,2025-03-13,2026-03-13,35724,1372
437,5,POL-00000437,2025-03-14,2026-03-14,35783,1379
438,6,POL-00000438,2025-03-15,2026-03-15,35842,1386
439,7,POL-00000439,2025-03-16,2026-03-16,35901,1393
440,8,POL-00000440,2025-03-17,2026-03-17,35960,1400
441,9,POL-00000441,2025-03-18,2026-03-18,36019,1407
442,10,POL-00000442,2025-03-19,2026-03-19,36078,1414
443,11,POL-00000443,2025-03-20,2026-03-20,36137,1421
444,12,POL-00000444,2025-03-21,2026-03-21,36196,1428
445,1,POL-00000445,2025-03-22,2026-03-22,36255,1435
446,2,POL-00000446,2025-03-23,2026-03-23,36314,1442
447,3,POL-00000447,2025-03-24,2026-03-24,36373,1449
448,4,POL-00000448,2025-03-25,2026-03-25,36432,1456
449,5,POL-00000449,2025-03-26,2026-03-26,36491,1463
450,6,POL-00000450,2025-03-27,2026-03-27,36550,1470
451,7,POL-00000451,2025-03-28,2026-03-28,36609,1477
452,8,POL-00000452,2025-03-29,2026-03-29,36668,1484
453,9,POL-00000453,2025-03-30,2026-03-30,36727,1491
454,10,POL-00000454,2025-03-31,2026-03-31,36786,1498
455,11,POL-00000455,2025-04-01,2026-04-01,36845,1505
456,12,POL-00000456,2025-04-02,2026-04-02,36904,1512
457,1,POL-00000457,2025-04-03,2026-04-03,36963,1519
458,2,POL-00000458,2025-04-04,2026-04-04,37022,1526
459,3,POL-00000459,2025-04-05,2026-04-05,37081,1533
460,4,POL-00000460,2025-04-06,2026-04-06,37140,1540
461,5,POL-00000461,2025-04-07,2026-04-07,37199,1547
462,6,POL-00000462,2025-04-08,2026-04-08,37258,1554
463,7,POL-00000463,2025-04-09,2026-04-09,37317,1561
464,8,POL-00000464,2025-04-10,2026-04-10,37376,1568
465,9,POL-00000465,2025-04-11,2026-04-11,37435,1575
466,10,POL-00000466,2025-04-12,2026-04-12,37494,1582
467,11,POL-00000467,2025-04-13,2026-04-13,37553,1589
468,12,POL-00000468,2025-04-14,2026-04-14,37612,1596
469,1,POL-00000469,2025-04-15,2026-04-15,37671,1603
470,2,POL-00000470,2025-04-16,2026-04-16,37730,1610
471,3,POL-00000471,2025-04-17,2026-04-17,37789,1617
472,4,POL-00000472,2025-04-18,2026-04-18,37848,1624
473,5,POL-00000473,2025-04-19,2026-04-19,37907,1631
474,6,POL-00000474,2025-04-20,2026-04-20,37966,1638
475,7,POL-00000475,2025-04-21,2026-04-21,38025,1645
476,8,POL-00000476,2025-04-22,2026-04-22,38084,1652
477,9,POL-00000477,2025-04-23,2026-04-23,38143,1659
478,10,POL-00000478,2025-04-24,2026-04-24,38202,1666
479,11,POL-00000479,2025-04-25,2026-04-25,38261,1673
480,12,POL-00000480,2025-04-26,2026-04-26,38320,1680
481,1,POL-00000481,2025-04-27,2026-04-27,38379,1687
482,2,POL-00000482,2025-04-28,2026-04-28,38438,1694
483,3,POL-00000483,2025-04-29,2026-04-29,38497,1701
484,4,POL-00000484,2025-04-30,2026-04-30,38556,1708
485,5,POL-00000485,2025-05-01,2026-05-01,38615,1715
486,6,POL-00000486,2025-05-02,2026-05-02,38674,1722
487,7,POL-00000487,2025-05-03,2026-05-03,38733,1729
488,8,POL-00000488,2025-05-04,2026-05-04,38792,1736
489,9,POL-00000489,2025-05-05,2026-05-05,38851,1743
490,10,POL-00000490,2025-05-06,2026-05-06,38910,1750
491,11,POL-00000491,2025-05-07,2026-05-07,38969,1757
492,12,POL-00000492,2025-05-08,2026-05-08,39028,1764
493,1,POL-00000493,2025-05-09,2026-05-09,39087,1771
494,2,POL-00000494,2025-05-10,2026-05-10,39146,1778
495,3,POL-00000495,2025-05-11,2026-05-11,39205,1785
496,4,POL-00000496,2025-05-12,2026-05-12,39264,1792
497,5,POL-00000497,2025-05-13,2026-05-13,39323,1799
498,6,POL-00000498,2025-05-14,2026-05-14,39382,1806
499,7,POL-00000499,2025-05-15,2026-05-15,39441,1813
500,8,POL-00000500,2025-05-16,2026-05-16,39500,1820
501,9,POL-00000501,2025-05-17,2026-05-17,39559,1827
502,10,POL-00000502,2025-05-18,2026-05-18,39618,1834
503,11,POL-00000503,2025-05-19,2026-05-19,39677,1841
504,12,POL-00000504,2025-05-20,2026-05-20,39736,1848
505,1,POL-00000505,2025-05-21,2026-05-21,39795,1855
506,2,POL-00000506,2025-05-22,2026-05-22,39854,1862
507,3,POL-00000507,2025-05-23,2026-05-23,39913,1869
508,4,POL-00000508,2025-05-24,2026-05-24,39972,1876
509,5,POL-00000509,2025-05-25,2026-05-25,40031,1883
510,6,POL-00000510,2025-05-26,2026-05-26,40090,1890
511,7,POL-00000511,2025-05-27,2026-05-27,40149,1897
512,8,POL-00000512,2025-05-28,2026-05-28,40208,1904
513,9,POL-00000513,2025-05-29,2026-05-29,40267,1911
514,10,POL-00000514,2025-05-30,2026-05-30,40326,1918
515,11,POL-00000515,2025-05-31,2026-05-31,40385,1925
516,12,POL-00000516,2025-06-01,2026-06-01,40444,1932
517,1,POL-00000517,2025-06-02,2026-06-02,40503,1939
518,2,POL-00000518,2025-06-03,2026-06-03,40562,1946
519,3,POL-00000519,2025-06-04,2026-06-04,40621,1953
520,4,POL-00000520,2025-06-05,2026-06-05,40680,1960
521,5,POL-00000521,2025-06-06,2026-06-06,40739,1967
522,6,POL-00000522,2025-06-07,2026-06-07,40798,1974
523,7,POL-00000523,2025-06-08,2026-06-08,40857,1981
524,8,POL-00000524,2025-06-09,2026-06-09,40916,1988
525,9,POL-00000525,2025-06-10,2026-06-10,40975,1995
526,10,POL-00000526,2025-06-11,2026-06-11,41034,2002
527,11,POL-00000527,2025-06-12,2026-06-12,41093,2009
528,12,POL-00000528,2025-06-13,2026-06-13,41152,2016
529,1,POL-00000529,2025-06-14,2026-06-14,41211,2023
530,2,POL-00000530,2025-06-15,2026-06-15,41270,2030
531,3,POL-00000531,2025-06-16,2026-06-16,41329,2037
532,4,POL-00000532,2025-06-17,2026-06-17,41388,2044
533,5,POL-00000533,2025-06-18,2026-06-18,41447,2051
534,6,POL-00000534,2025-06-19,2026-06-19,41506,2058
535,7,POL-00000535,2025-06-20,2026-06-20,41565,2065
536,8,POL-00000536,2025-06-21,2026-06-21,41624,2072
537,9,POL-00000537,2025-06-22,2026-06-22,41683,2079
538,10,POL-00000538,2025-06-23,2026-06-23,41742,2086
539,11,POL-00000539,2025-06-24,2026-06-24,41801,2093
540,12,POL-00000540,2025-06-25,2026-06-25,41860,2100
541,1,POL-00000541,2025-06-26,2026-06-26,41919,2107
542,2,POL-00000542,2025-06-27,2026-06-27,41978,2114
543,3,POL-00000543,2025-06-28,2026-06-28,42037,221
544,4,POL-00000544,2025-06-29,2026-06-29,42096,228
545,5,POL-00000545,2025-06-30,2026-06-30,42155,235
546,6,POL-00000546,2025-07-01,2026-07-01,42214,242
547,7,POL-00000547,2025-07-02,2026-07-02,42273,249
548,8,POL-00000548,2025-07-03,2026-07-03,42332,256
549,9,POL-00000549,2025-07-04,2026-07-04,42391,263
550,10,POL-00000550,2025-07-05,2026-07-05,42450,270
551,11,POL-00000551,2025-07-06,2026-07-06,42509,277
552,12,POL-00000552,2025-07-07,2026-07-07,42568,284
553,1,POL-00000553,2025-07-08,2026-07-08,42627,291
554,2,POL-00000554,2025-07-09,2026-07-09,42686,298
555,3,POL-00000555,2025-07-10,2026-07-10,42745,305
556,4,POL-00000556,2025-07-11,2026-07-11,42804,312
557,5,POL-00000557,2025-07-12,2026-07-12,42863,319
558,6,POL-00000558,2025-07-13,2026-07-13,42922,326
559,7,POL-00000559,2025-07-14,2026-07-14,42981,333
560,8,POL-00000560,2025-07-15,2026-07-15,43040,340
561,9,POL-00000561,2025-07-16,2026-07-16,43099,347
562,10,POL-00000562,2025-07-17,2026-07-17,43158,354
563,11,POL-00000563,2025-07-18,2026-07-18,43217,361
564,12,POL-00000564,2025-07-19,2026-07-19,43276,368
565,1,POL-00000565,2025-07-20,2026-07-20,43335,375
566,2,POL-00000566,2025-07-21,2026-07-21,43394,382
567,3,POL-00000567,2025-07-22,2026-07-22,43453,389
568,4,POL-00000568,2025-07-23,2026-07-23,43512,396
569,5,POL-00000569,2025-07-24,2026-07-24,43571,403
570,6,POL-00000570,2025-07-25,2026-07-25,43630,410
571,7,POL-00000571,2025-07-26,2026-07-26,43689,417
572,8,POL-00000572,2025-07-27,2026-07-27,43748,424
573,9,POL-00000573,2025-07-28,2026-07-28,43807,431
574,10,POL-00000574,2025-07-29,2026-07-29,43866,438
575,11,POL-00000575,2025-07-30,2026-07-30,43925,445
576,12,POL-00000576,2025-07-31,2026-07-31,43984,452
577,1,POL-00000577,2025-08-01,2026-08-01,44043,459
578,2,POL-00000578,2025-08-02,2026-08-02,44102,466
579,3,POL-00000579,2025-08-03,2026-08-03,44161,473
580,4,POL-00000580,2025-08-04,2026-08-04,44220,480
581,5,POL-00000581,2025-08-05,2026-08-05,44279,487
582,6,POL-00000582,2025-08-06,2026-08-06,44338,494
583,7,POL-00000583,2025-08-07,2026-08-07,44397,501
584,8,POL-00000584,2025-08-08,2026-08-08,44456,508
585,9,POL-00000585,2025-08-09,2026-08-09,44515,515
586,10,POL-00000586,2025-08-10,2026-08-10,44574,522
587,11,POL-00000587,2025-08-11,2026-08-11,44633,529
588,12,POL-00000588,2025-08-12,2026-08-12,44692,536
589,1,POL-00000589,2025-08-13,2026-08-13,44751,543
590,2,POL-00000590,2025-08-14,2026-08-14,44810,550
591,3,POL-00000591,2025-08-15,2026-08-15,44869,557
592,4,POL-00000592,2025-08-16,2026-08-16,44928,564
593,5,POL-00000593,2025-08-17,2026-08-17,44987,571
594,6,POL-00000594,2025-08-18,2026-08-18,45046,578
595,7,POL-00000595,2025-08-19,2026-08-19,45105,585
596,8,POL-00000596,2025-08-20,2026-08-20,45164,592
597,9,POL-00000597,2025-08-21,2026-08-21,45223,599
598,10,POL-00000598,2025-08-22,2026-08-22,45282,606
599,11,POL-00000599,2025-08-23,2026-08-23,45341,613
600,12,POL-00000600,2025-08-24,2026-08-24,45400,620
601,1,POL-00000601,2025-08-25,2026-08-25,45459,627
602,2,POL-00000602,2025-08-26,2026-08-26,45518,634
603,3,POL-00000603,2025-08-27,2026-08-27,45577,641
604,4,POL-00000604,2025-08-28,2026-08-28,45636,648
605,5,POL-00000605,2025-08-29,2026-08-29,45695,655
606,6,POL-00000606,2025-08-30,2026-08-30,45754,662
607,7,POL-00000607,2025-08-31,2026-08-31,45813,669
608,8,POL-00000608,2025-09-01,2026-09-01,45872,676
609,9,POL-00000609,2025-09-02,2026-09-02,45931,683
610,10,POL-00000610,2025-09-03,2026-09-03,45990,690
611,11,POL-00000611,2025-09-04,2026-09-04,46049,697
612,12,POL-00000612,2025-09-05,2026-09-05,46108,704
613,1,POL-00000613,2025-09-06,2026-09-06,46167,711
614,2,POL-00000614,2025-09-07,2026-09-07,46226,718
615,3,POL-00000615,2025-09-08,2026-09-08,46285,725
616,4,POL-00000616,2025-09-09,2026-09-09,46344,732
617,5,POL-00000617,2025-09-10,2026-09-10,46403,739
618,6,POL-00000618,2025-09-11,2026-09-11,46462,746
619,7,POL-00000619,2025-09-12,2026-09-12,46521,753
620,8,POL-00000620,2025-09-13,2026-09-13,46580,760
621,9,POL-00000621,2025-09-14,2026-09-14,46639,767
622,10,POL-00000622,2025-09-15,2026-09-15,46698,774
623,11,POL-00000623,2025-09-16,2026-09-16,46757,781
624,12,POL-00000624,2025-09-17,2026-09-17,46816,788
625,1,POL-00000625,2025-09-18,2026-09-18,46875,795
626,2,POL-00000626,2025-09-19,2026-09-19,46934,802
627,3,POL-00000627,2025-09-20,2026-09-20,46993,809
628,4,POL-00000628,2025-09-21,2026-09-21,47052,816
629,5,POL-00000629,2025-09-22,2026-09-22,47111,823
630,6,POL-00000630,2025-09-23,2026-09-23,47170,830
631,7,POL-00000631,2025-09-24,2026-09-24,47229,837
632,8,POL-00000632,2025-09-25,2026-09-25,47288,844
633,9,POL-00000633,2025-09-26,2026-09-26,47347,851
634,10,POL-00000634,2025-09-27,2026-09-27,47406,858
635,11,POL-00000635,2025-09-28,2026-09-28,47465,865
636,12,POL-00000636,2025-09-29,2026-09-29,47524,872
637,1,POL-00000637,2025-09-30,2026-09-30,47583,879
638,2,POL-00000638,2025-10-01,2026-10-01,47642,886
639,3,POL-00000639,2025-10-02,2026-10-02,47701,893
640,4,POL-00000640,2025-10-03,2026-10-03,47760,900
641,5,POL-00000641,2025-10-04,2026-10-04,47819,907
642,6,POL-00000642,2025-10-05,2026-10-05,47878,914
643,7,POL-00000643,2025-10-06,2026-10-06,47937,921
644,8,POL-00000644,2025-10-07,2026-10-07,47996,928
645,9,POL-00000645,2025-10-08,2026-10-08,48055,935
646,10,POL-00000646,2025-10-09,2026-10-09,48114,942
647,11,POL-00000647,2025-10-10,2026-10-10,48173,949
648,12,POL-00000648,2025-10-11,2026-10-11,48232,956
649,1,POL-00000649,2025-10-12,2026-10-12,48291,963
650,2,POL-00000650,2025-10-13,2026-10-13,48350,970
651,3,POL-00000651,2025-10-14,2026-10-14,48409,977
652,4,POL-00000652,2025-10-15,2026-10-15,48468,984
653,5,POL-00000653,2025-10-16,2026-10-16,48527,991
654,6,POL-00000654,2025-10-17,2026-10-17,48586,998
655,7,POL-00000655,2025-10-18,2026-10-18,48645,1005
656,8,POL-00000656,2025-10-19,2026-10-19,48704,1012
657,9,POL-00000657,2025-10-20,2026-10-20,48763,1019
658,10,POL-00000658,2025-10-21,2026-10-21,48822,1026
659,11,POL-00000659,2025-10-22,2026-10-22,48881,1033
660,12,POL-00000660,2025-10-23,2026-10-23,48940,1040
661,1,POL-00000661,2025-10-24,2026-10-24,48999,1047
662,2,POL-00000662,2025-10-25,2026-10-25,49058,1054
663,3,POL-00000663,2025-10-26,2026-10-26,49117,1061
664,4,POL-00000664,2025-10-27,2026-10-27,49176,1068
665,5,POL-00000665,2025-10-28,2026-10-28,49235,1075
666,6,POL-00000666,2025-10-29,2026-10-29,49294,1082
667,7,POL-00000667,2025-10-30,2026-10-30,49353,1089
668,8,POL-00000668,2025-10-31,2026-10-31,49412,1096
669,9,POL-00000669,2025-11-01,2026-11-01,49471,1103
670,10,POL-00000670,2025-11-02,2026-11-02,49530,1110
671,11,POL-00000671,2025-11-03,2026-11-03,49589,1117
672,12,POL-00000672,2025-11-04,2026-11-04,49648,1124
673,1,POL-00000673,2025-11-05,2026-11-05,49707,1131
674,2,POL-00000674,2025-11-06,2026-11-06,49766,1138
675,3,POL-00000675,2025-11-07,2026-11-07,49825,1145
676,4,POL-00000676,2025-11-08,2026-11-08,49884,1152
677,5,POL-00000677,2025-11-09,2026-11-09,49943,1159
678,6,POL-00000678,2025-11-10,2026-11-10,50002,1166
679,7,POL-00000679,2025-11-11,2026-11-11,50061,1173
680,8,POL-00000680,2025-11-12,2026-11-12,50120,1180
681,9,POL-00000681,2025-11-13,2026-11-13,50179,1187
682,10,POL-00000682,2025-11-14,2026-11-14,50238,1194
683,11,POL-00000683,2025-11-15,2026-11-15,50297,1201
684,12,POL-00000684,2025-11-16,2026-11-16,50356,1208
685,1,POL-00000685,2025-11-17,2026-11-17,50415,1215
686,2,POL-00000686,2025-11-18,2026-11-18,50474,1222
687,3,POL-00000687,2025-11-19,2026-11-19,50533,1229
688,4,POL-00000688,2025-11-20,2026-11-20,50592,1236
689,5,POL-00000689,2025-11-21,2026-11-21,50651,1243
690,6,POL-00000690,2025-11-22,2026-11-22,50710,1250
691,7,POL-00000691,2025-11-23,2026-11-23,50769,1257
692,8,POL-00000692,2025-11-24,2026-11-24,50828,1264
693,9,POL-00000693,2025-11-25,2026-11-25,50887,1271
694,10,POL-00000694,2025-11-26,2026-11-26,50946,1278
695,11,POL-00000695,2025-11-27,2026-11-27,51005,1285
696,12,POL-00000696,2025-11-28,2026-11-28,51064,1292
697,1,POL-00000697,2025-11-29,2026-11-29,51123,1299
698,2,POL-00000698,2025-11-30,2026-11-30,51182,1306
699,3,POL-00000699,2025-12-01,2026-12-01,51241,1313
700,4,POL-00000700,2025-12-02,2026-12-02,51300,1320
701,5,POL-00000701,2025-12-03,2026-12-03,51359,1327
702,6,POL-00000702,2025-12-04,2026-12-04,51418,1334
703,7,POL-00000703,2025-12-05,2026-12-05,51477,1341
704,8,POL-00000704,2025-12-06,2026-12-06,51536,1348
705,9,POL-00000705,2025-12-07,2026-12-07,51595,1355
706,10,POL-00000706,2025-12-08,2026-12-08,51654,1362
707,11,POL-00000707,2025-12-09,2026-12-09,51713,1369
708,12,POL-00000708,2025-12-10,2026-12-10,51772,1376
709,1,POL-00000709,2025-12-11,2026-12-11,51831,1383
710,2,POL-00000710,2025-12-12,2026-12-12,51890,1390
711,3,POL-00000711,2025-12-13,2026-12-13,51949,1397
712,4,POL-00000712,2025-12-14,2026-12-14,52008,1404
713,5,POL-00000713,2025-12-15,2026-12-15,52067,1411
714,6,POL-00000714,2025-12-16,2026-12-16,52126,1418
715,7,POL-00000715,2025-12-17,2026-12-17,52185,1425
716,8,POL-00000716,2025-12-18,2026-12-18,52244,1432
717,9,POL-00000717,2025-12-19,2026-12-19,52303,1439
718,10,POL-00000718,2025-12-20,2026-12-20,52362,1446
719,11,POL-00000719,2025-12-21,2026-12-21,52421,1453
720,12,POL-00000720,2025-12-22,2026-12-22,52480,1460
721,1,POL-00000721,2025-12-23,2026-12-23,52539,1467
722,2,POL-00000722,2025-12-24,2026-12-24,52598,1474
723,3,POL-00000723,2025-12-25,2026-12-25,52657,1481
724,4,POL-00000724,2025-12-26,2026-12-26,52716,1488
725,5,POL-00000725,2025-12-27,2026-12-27,52775,1495
726,6,POL-00000726,2025-12-28,2026-12-28,52834,1502
727,7,POL-00000727,2025-12-29,2026-12-29,52893,1509
728,8,POL-00000728,2025-12-30,2026-12-30,52952,1516
729,9,POL-00000729,2025-12-31,2026-12-31,53011,1523
730,10,POL-00000730,2025-01-01,2026-01-01,53070,1530
731,11,POL-00000731,2025-01-02,2026-01-02,53129,1537
732,12,POL-00000732,2025-01-03,2026-01-03,53188,1544
733,1,POL-00000733,2025-01-04,2026-01-04,53247,1551
734,2,POL-00000734,2025-01-05,2026-01-05,53306,1558
735,3,POL-00000735,2025-01-06,2026-01-06,53365,1565
736,4,POL-00000736,2025-01-07,2026-01-07,53424,1572
737,5,POL-00000737,2025-01-08,2026-01-08,53483,1579
738,6,POL-00000738,2025-01-09,2026-01-09,53542,1586
739,7,POL-00000739,2025-01-10,2026-01-10,53601,1593
740,8,POL-00000740,2025-01-11,2026-01-11,53660,1600
741,9,POL-00000741,2025-01-12,2026-01-12,53719,1607
742,10,POL-00000742,2025-01-13,2026-01-13,53778,1614
743,11,POL-00000743,2025-01-14,2026-01-14,53837,1621
744,12,POL-00000744,2025-01-15,2026-01-15,53896,1628
745,1,POL-00000745,2025-01-16,2026-01-16,53955,1635
746,2,POL-00000746,2025-01-17,2026-01-17,54014,1642
747,3,POL-00000747,2025-01-18,2026-01-18,54073,1649
748,4,POL-00000748,2025-01-19,2026-01-19,54132,1656
749,5,POL-00000749,2025-01-20,2026-01-20,54191,1663
750,6,POL-00000750,2025-01-21,2026-01-21,54250,1670
751,7,POL-00000751,2025-01-22,2026-01-22,54309,1677
752,8,POL-00000752,2025-01-23,2026-01-23,54368,1684
753,9,POL-00000753,2025-01-24,2026-01-24,54427,1691
754,10,POL-00000754,2025-01-25,2026-01-25,54486,1698
755,11,POL-00000755,2025-01-26,2026-01-26,54545,1705
756,12,POL-00000756,2025-01-27,2026-01-27,54604,1712
757,1,POL-00000757,2025-01-28,2026-01-28,54663,1719
758,2,POL-00000758,2025-01-29,2026-01-29,54722,1726
759,3,POL-00000759,2025-01-30,2026-01-30,54781,1733
760,4,POL-00000760,2025-01-31,2026-01-31,54840,1740
761,5,POL-00000761,2025-02-01,2026-02-01,54899,1747
762,6,POL-00000762,2025-02-02,2026-02-02,54958,1754
763,7,POL-00000763,2025-02-03,2026-02-03,55017,1761
764,8,POL-00000764,2025-02-04,2026-02-04,55076,1768
765,9,POL-00000765,2025-02-05,2026-02-05,55135,1775
766,10,POL-00000766,2025-02-06,2026-02-06,55194,1782
767,11,POL-00000767,2025-02-07,2026-02-07,55253,1789
768,12,POL-00000768,2025-02-08,2026-02-08,55312,1796
769,1,POL-00000769,2025-02-09,2026-02-09,55371,1803
770,2,POL-00000770,2025-02-10,2026-02-10,55430,1810
771,3,POL-00000771,2025-02-11,2026-02-11,55489,1817
772,4,POL-00000772,2025-02-12,2026-02-12,55548,1824
773,5,POL-00000773,2025-02-13,2026-02-13,55607,1831
774,6,POL-00000774,2025-02-14,2026-02-14,55666,1838
775,7,POL-00000775,2025-02-15,2026-02-15,55725,1845
776,8,POL-00000776,2025-02-16,2026-02-16,55784,1852
777,9,POL-00000777,2025-02-17,2026-02-17,55843,1859
778,10,POL-00000778,2025-02-18,2026-02-18,55902,1866
779,11,POL-00000779,2025-02-19,2026-02-19,55961,1873
780,12,POL-00000780,2025-02-20,2026-02-20,56020,1880
781,1,POL-00000781,2025-02-21,2026-02-21,56079,1887
782,2,POL-00000782,2025-02-22,2026-02-22,56138,1894
783,3,POL-00000783,2025-02-23,2026-02-23,56197,1901
784,4,POL-00000784,2025-02-24,2026-02-24,56256,1908
785,5,POL-00000785,2025-02-25,2026-02-25,56315,1915
786,6,POL-00000786,2025-02-26,2026-02-26,56374,1922
787,7,POL-00000787,2025-02-27,2026-02-27,56433,1929
788,8,POL-00000788,2025-02-28,2026-02-28,56492,1936
789,9,POL-00000789,2025-03-01,2026-03-01,56551,1943
790,10,POL-00000790,2025-03-02,2026-03-02,56610,1950
791,11,POL-00000791,2025-03-03,2026-03-03,56669,1957
792,12,POL-00000792,2025-03-04,2026-03-04,56728,1964
793,1,POL-00000793,2025-03-05,2026-03-05,56787,1971
794,2,POL-00000794,2025-03-06,2026-03-06,56846,1978
795,3,POL-00000795,2025-03-07,2026-03-07,56905,1985
796,4,POL-00000796,2025-03-08,2026-03-08,56964,1992
797,5,POL-00000797,2025-03-09,2026-03-09,57023,1999
798,6,POL-00000798,2025-03-10,2026-03-10,57082,2006
799,7,POL-00000799,2025-03-11,2026-03-11,57141,2013
800,8,POL-00000800,2025-03-12,2026-03-12,57200,2020
801,9,POL-00000801,2025-03-13,2026-03-13,57259,2027
802,10,POL-00000802,2025-03-14,2026-03-14,57318,2034
803,11,POL-00000803,2025-03-15,2026-03-15,57377,2041
804,12,POL-00000804,2025-03-16,2026-03-16,57436,2048
805,1,POL-00000805,2025-03-17,2026-03-17,57495,2055
806,2,POL-00000806,2025-03-18,2026-03-18,57554,2062
807,3,POL-00000807,2025-03-19,2026-03-19,57613,2069
808,4,POL-00000808,2025-03-20,2026-03-20,57672,2076
809,5,POL-00000809,2025-03-21,2026-03-21,57731,2083
810,6,POL-00000810,2025-03-22,2026-03-22,57790,2090
811,7,POL-00000811,2025-03-23,2026-03-23,57849,2097
812,8,POL-00000812,2025-03-24,2026-03-24,57908,2104
813,9,POL-00000813,2025-03-25,2026-03-25,57967,2111
814,10,POL-00000814,2025-03-26,2026-03-26,58026,2118
815,11,POL-00000815,2025-03-27,2026-03-27,58085,225
816,12,POL-00000816,2025-03-28,2026-03-28,58144,232
817,1,POL-00000817,2025-03-29,2026-03-29,58203,239
818,2,POL-00000818,2025-03-30,2026-03-30,58262,246
819,3,POL-00000819,2025-03-31,2026-03-31,58321,253
820,4,POL-00000820,2025-04-01,2026-04-01,58380,260
821,5,POL-00000821,2025-04-02,2026-04-02,58439,267
822,6,POL-00000822,2025-04-03,2026-04-03,58498,274
823,7,POL-00000823,2025-04-04,2026-04-04,58557,281
824,8,POL-00000824,2025-04-05,2026-04-05,58616,288
825,9,POL-00000825,2025-04-06,2026-04-06,58675,295
826,10,POL-00000826,2025-04-07,2026-04-07,58734,302
827,11,POL-00000827,2025-04-08,2026-04-08,58793,309
828,12,POL-00000828,2025-04-09,2026-04-09,58852,316
829,1,POL-00000829,2025-04-10,2026-04-10,58911,323
830,2,POL-00000830,2025-04-11,2026-04-11,58970,330
831,3,POL-00000831,2025-04-12,2026-04-12,59029,337
832,4,POL-00000832,2025-04-13,2026-04-13,59088,344
833,5,POL-00000833,2025-04-14,2026-04-14,59147,351
834,6,POL-00000834,2025-04-15,2026-04-15,59206,358
835,7,POL-00000835,2025-04-16,2026-04-16,59265,365
836,8,POL-00000836,2025-04-17,2026-04-17,59324,372
837,9,POL-00000837,2025-04-18,2026-04-18,59383,379
838,10,POL-00000838,2025-04-19,2026-04-19,59442,386
839,11,POL-00000839,2025-04-20,2026-04-20,59501,393
840,12,POL-00000840,2025-04-21,2026-04-21,59560,400
841,1,POL-00000841,2025-04-22,2026-04-22,59619,407
842,2,POL-00000842,2025-04-23,2026-04-23,59678,414
843,3,POL-00000843,2025-04-24,2026-04-24,59737,421
844,4,POL-00000844,2025-04-25,2026-04-25,59796,428
845,5,POL-00000845,2025-04-26,2026-04-26,59855,435
846,6,POL-00000846,2025-04-27,2026-04-27,59914,442
847,7,POL-00000847,2025-04-28,2026-04-28,59973,449
848,8,POL-00000848,2025-04-29,2026-04-29,60032,456
849,9,POL-00000849,2025-04-30,2026-04-30,60091,463
850,10,POL-00000850,2025-05-01,2026-05-01,60150,470
851,11,POL-00000851,2025-05-02,2026-05-02,60209,477
852,12,POL-00000852,2025-05-03,2026-05-03,60268,484
853,1,POL-00000853,2025-05-04,2026-05-04,60327,491
854,2,POL-00000854,2025-05-05,2026-05-05,60386,498
855,3,POL-00000855,2025-05-06,2026-05-06,60445,505
856,4,POL-00000856,2025-05-07,2026-05-07,60504,512
857,5,POL-00000857,2025-05-08,2026-05-08,60563,519
858,6,POL-00000858,2025-05-09,2026-05-09,60622,526
859,7,POL-00000859,2025-05-10,2026-05-10,60681,533
860,8,POL-00000860,2025-05-11,2026-05-11,60740,540
861,9,POL-00000861,2025-05-12,2026-05-12,60799,547
862,10,POL-00000862,2025-05-13,2026-05-13,60858,554
863,11,POL-00000863,2025-05-14,2026-05-14,60917,561
864,12,POL-00000864,2025-05-15,2026-05-15,60976,568
865,1,POL-00000865,2025-05-16,2026-05-16,61035,575
866,2,POL-00000866,2025-05-17,2026-05-17,61094,582
867,3,POL-00000867,2025-05-18,2026-05-18,61153,589
868,4,POL-00000868,2025-05-19,2026-05-19,61212,596
869,5,POL-00000869,2025-05-20,2026-05-20,61271,603
870,6,POL-00000870,2025-05-21,2026-05-21,61330,610
871,7,POL-00000871,2025-05-22,2026-05-22,61389,617
872,8,POL-00000872,2025-05-23,2026-05-23,61448,624
873,9,POL-00000873,2025-05-24,2026-05-24,61507,631
874,10,POL-00000874,2025-05-25,2026-05-25,61566,638
875,11,POL-00000875,2025-05-26,2026-05-26,61625,645
876,12,POL-00000876,2025-05-27,2026-05-27,61684,652
877,1,POL-00000877,2025-05-28,2026-05-28,61743,659
878,2,POL-00000878,2025-05-29,2026-05-29,61802,666
879,3,POL-00000879,2025-05-30,2026-05-30,61861,673
880,4,POL-00000880,2025-05-31,2026-05-31,61920,680
881,5,POL-00000881,2025-06-01,2026-06-01,61979,687
882,6,POL-00000882,2025-06-02,2026-06-02,62038,694
883,7,POL-00000883,2025-06-03,2026-06-03,62097,701
884,8,POL-00000884,2025-06-04,2026-06-04,62156,708
885,9,POL-00000885,2025-06-05,2026-06-05,62215,715
886,10,POL-00000886,2025-06-06,2026-06-06,62274,722
887,11,POL-00000887,2025-06-07,2026-06-07,62333,729
888,12,POL-00000888,2025-06-08,2026-06-08,62392,736
889,1,POL-00000889,2025-06-09,2026-06-09,62451,743
890,2,POL-00000890,2025-06-10,2026-06-10,62510,750
891,3,POL-00000891,2025-06-11,2026-06-11,62569,757
892,4,POL-00000892,2025-06-12,2026-06-12,62628,764
893,5,POL-00000893,2025-06-13,2026-06-13,62687,771
894,6,POL-00000894,2025-06-14,2026-06-14,62746,778
895,7,POL-00000895,2025-06-15,2026-06-15,62805,785
896,8,POL-00000896,2025-06-16,2026-06-16,62864,792
897,9,POL-00000897,2025-06-17,2026-06-17,62923,799
898,10,POL-00000898,2025-06-18,2026-06-18,62982,806
899,11,POL-00000899,2025-06-19,2026-06-19,63041,813
900,12,POL-00000900,2025-06-20,2026-06-20,63100,820
901,1,POL-00000901,2025-06-21,2026-06-21,63159,827
902,2,POL-00000902,2025-06-22,2026-06-22,63218,834
903,3,POL-00000903,2025-06-23,2026-06-23,63277,841
904,4,POL-00000904,2025-06-24,2026-06-24,63336,848
905,5,POL-00000905,2025-06-25,2026-06-25,63395,855
906,6,POL-00000906,2025-06-26,2026-06-26,63454,862
907,7,POL-00000907,2025-06-27,2026-06-27,63513,869
908,8,POL-00000908,2025-06-28,2026-06-28,63572,876
909,9,POL-00000909,2025-06-29,2026-06-29,63631,883
910,10,POL-00000910,2025-06-30,2026-06-30,63690,890
911,11,POL-00000911,2025-07-01,2026-07-01,63749,897
912,12,POL-00000912,2025-07-02,2026-07-02,63808,904
913,1,POL-00000913,2025-07-03,2026-07-03,63867,911
914,2,POL-00000914,2025-07-04,2026-07-04,63926,918
915,3,POL-00000915,2025-07-05,2026-07-05,63985,925
916,4,POL-00000916,2025-07-06,2026-07-06,64044,932
917,5,POL-00000917,2025-07-07,2026-07-07,64103,939
918,6,POL-00000918,2025-07-08,2026-07-08,64162,946
919,7,POL-00000919,2025-07-09,2026-07-09,64221,953
920,8,POL-00000920,2025-07-10,2026-07-10,64280,960
921,9,POL-00000921,2025-07-11,2026-07-11,64339,967
922,10,POL-00000922,2025-07-12,2026-07-12,64398,974
923,11,POL-00000923,2025-07-13,2026-07-13,64457,981
924,12,POL-00000924,2025-07-14,2026-07-14,64516,988
925,1,POL-00000925,2025-07-15,2026-07-15,64575,995
926,2,POL-00000926,2025-07-16,2026-07-16,64634,1002
927,3,POL-00000927,2025-07-17,2026-07-17,64693,1009
928,4,POL-00000928,2025-07-18,2026-07-18,64752,1016
929,5,POL-00000929,2025-07-19,2026-07-19,64811,1023
930,6,POL-00000930,2025-07-20,2026-07-20,64870,1030
931,7,POL-00000931,2025-07-21,2026-07-21,64929,1037
932,8,POL-00000932,2025-07-22,2026-07-22,64988,1044
933,9,POL-00000933,2025-07-23,2026-07-23,65047,1051
934,10,POL-00000934,2025-07-24,2026-07-24,65106,1058
935,11,POL-00000935,2025-07-25,2026-07-25,65165,1065
936,12,POL-00000936,2025-07-26,2026-07-26,65224,1072
937,1,POL-00000937,2025-07-27,2026-07-27,65283,1079
938,2,POL-00000938,2025-07-28,2026-07-28,65342,1086
939,3,POL-00000939,2025-07-29,2026-07-29,65401,1093
940,4,POL-00000940,2025-07-30,2026-07-30,65460,1100
941,5,POL-00000941,2025-07-31,2026-07-31,65519,1107
942,6,POL-00000942,2025-08-01,2026-08-01,65578,1114
943,7,POL-00000943,2025-08-02,2026-08-02,65637,1121
944,8,POL-00000944,2025-08-03,2026-08-03,65696,1128
945,9,POL-00000945,2025-08-04,2026-08-04,65755,1135
946,10,POL-00000946,2025-08-05,2026-08-05,65814,1142
947,11,POL-00000947,2025-08-06,2026-08-06,65873,1149
948,12,POL-00000948,2025-08-07,2026-08-07,65932,1156
949,1,POL-00000949,2025-08-08,2026-08-08,65991,1163
950,2,POL-00000950,2025-08-09,2026-08-09,66050,1170
951,3,POL-00000951,2025-08-10,2026-08-10,66109,1177
952,4,POL-00000952,2025-08-11,2026-08-11,66168,1184
953,5,POL-00000953,2025-08-12,2026-08-12,66227,1191
954,6,POL-00000954,2025-08-13,2026-08-13,66286,1198
955,7,POL-00000955,2025-08-14,2026-08-14,66345,1205
956,8,POL-00000956,2025-08-15,2026-08-15,66404,1212
957,9,POL-00000957,2025-08-16,2026-08-16,66463,1219
958,10,POL-00000958,2025-08-17,2026-08-17,66522,1226
959,11,POL-00000959,2025-08-18,2026-08-18,66581,1233
960,12,POL-00000960,2025-08-19,2026-08-19,66640,1240
961,1,POL-00000961,2025-08-20,2026-08-20,66699,1247
962,2,POL-00000962,2025-08-21,2026-08-21,66758,1254
963,3,POL-00000963,2025-08-22,2026-08-22,66817,1261
964,4,POL-00000964,2025-08-23,2026-08-23,66876,1268
965,5,POL-00000965,2025-08-24,2026-08-24,66935,1275
966,6,POL-00000966,2025-08-25,2026-08-25,66994,1282
967,7,POL-00000967,2025-08-26,2026-08-26,67053,1289
968,8,POL-00000968,2025-08-27,2026-08-27,67112,1296
969,9,POL-00000969,2025-08-28,2026-08-28,67171,1303
970,10,POL-00000970,2025-08-29,2026-08-29,67230,1310
971,11,POL-00000971,2025-08-30,2026-08-30,67289,1317
972,12,POL-00000972,2025-08-31,2026-08-31,67348,1324
973,1,POL-00000973,2025-09-01,2026-09-01,67407,1331
974,2,POL-00000974,2025-09-02,2026-09-02,67466,1338
975,3,POL-00000975,2025-09-03,2026-09-03,67525,1345
976,4,POL-00000976,2025-09-04,2026-09-04,67584,1352
977,5,POL-00000977,2025-09-05,2026-09-05,67643,1359
978,6,POL-00000978,2025-09-06,2026-09-06,67702,1366
979,7,POL-00000979,2025-09-07,2026-09-07,67761,1373
980,8,POL-00000980,2025-09-08,2026-09-08,67820,1380
981,9,POL-00000981,2025-09-09,2026-09-09,67879,1387
982,10,POL-00000982,2025-09-10,2026-09-10,67938,1394
983,11,POL-00000983,2025-09-11,2026-09-11,67997,1401
984,12,POL-00000984,2025-09-12,2026-09-12,68056,1408
985,1,POL-00000985,2025-09-13,2026-09-13,68115,1415
986,2,POL-00000986,2025-09-14,2026-09-14,68174,1422
987,3,POL-00000987,2025-09-15,2026-09-15,68233,1429
988,4,POL-00000988,2025-09-16,2026-09-16,68292,1436
989,5,POL-00000989,2025-09-17,2026-09-17,68351,1443
990,6,POL-00000990,2025-09-18,2026-09-18,68410,1450
991,7,POL-00000991,2025-09-19,2026-09-19,68469,1457
992,8,POL-00000992,2025-09-20,2026-09-20,68528,1464
993,9,POL-00000993,2025-09-21,2026-09-21,68587,1471
994,10,POL-00000994,2025-09-22,2026-09-22,68646,1478
995,11,POL-00000995,2025-09-23,2026-09-23,68705,1485
996,12,POL-00000996,2025-09-24,2026-09-24,68764,1492
997,1,POL-00000997,2025-09-25,2026-09-25,68823,1499
998,2,POL-00000998,2025-09-26,2026-09-26,68882,1506
999,3,POL-00000999,2025-09-27,2026-09-27,68941,1513
1000,4,POL-00001000,2025-09-28,2026-09-28,69000,1520
1001,5,POL-00001001,2025-09-29,2026-09-29,69059,1527
1002,6,POL-00001002,2025-09-30,2026-09-30,69118,1534
1003,7,POL-00001003,2025-10-01,2026-10-01,69177,1541
1004,8,POL-00001004,2025-10-02,2026-10-02,69236,1548
1005,9,POL-00001005,2025-10-03,2026-10-03,69295,1555
1006,10,POL-00001006,2025-10-04,2026-10-04,69354,1562
1007,11,POL-00001007,2025-10-05,2026-10-05,69413,1569
1008,12,POL-00001008,2025-10-06,2026-10-06,69472,1576
1009,1,POL-00001009,2025-10-07,2026-10-07,69531,1583
1010,2,POL-00001010,2025-10-08,2026-10-08,69590,1590
1011,3,POL-00001011,2025-10-09,2026-10-09,69649,1597
1012,4,POL-00001012,2025-10-10,2026-10-10,69708,1604
1013,5,POL-00001013,2025-10-11,2026-10-11,69767,1611
1014,6,POL-00001014,2025-10-12,2026-10-12,69826,1618
1015,7,POL-00001015,2025-10-13,2026-10-13,69885,1625
1016,8,POL-00001016,2025-10-14,2026-10-14,69944,1632
1017,9,POL-00001017,2025-10-15,2026-10-15,70003,1639
1018,10,POL-00001018,2025-10-16,2026-10-16,70062,1646
1019,11,POL-00001019,2025-10-17,2026-10-17,70121,1653
1020,12,POL-00001020,2025-10-18,2026-10-18,70180,1660
1021,1,POL-00001021,2025-10-19,2026-10-19,70239,1667
1022,2,POL-00001022,2025-10-20,2026-10-20,70298,1674
1023,3,POL-00001023,2025-10-21,2026-10-21,70357,1681
1024,4,POL-00001024,2025-10-22,2026-10-22,70416,1688
1025,5,POL-00001025,2025-10-23,2026-10-23,70475,1695
1026,6,POL-00001026,2025-10-24,2026-10-24,70534,1702
1027,7,POL-00001027,2025-10-25,2026-10-25,70593,1709
1028,8,POL-00001028,2025-10-26,2026-10-26,70652,1716
1029,9,POL-00001029,2025-10-27,2026-10-27,70711,1723
1030,10,POL-00001030,2025-10-28,2026-10-28,70770,1730
1031,11,POL-00001031,2025-10-29,2026-10-29,70829,1737
1032,12,POL-00001032,2025-10-30,2026-10-30,70888,1744
1033,1,POL-00001033,2025-10-31,2026-10-31,70947,1751
1034,2,POL-00001034,2025-11-01,2026-11-01,71006,1758
1035,3,POL-00001035,2025-11-02,2026-11-02,71065,1765
1036,4,POL-00001036,2025-11-03,2026-11-03,71124,1772
1037,5,POL-00001037,2025-11-04,2026-11-04,71183,1779
1038,6,POL-00001038,2025-11-05,2026-11-05,71242,1786
1039,7,POL-00001039,2025-11-06,2026-11-06,71301,1793
1040,8,POL-00001040,2025-11-07,2026-11-07,71360,1800
1041,9,POL-00001041,2025-11-08,2026-11-08,71419,1807
1042,10,POL-00001042,2025-11-09,2026-11-09,71478,1814
1043,11,POL-00001043,2025-11-10,2026-11-10,71537,1821
1044,12,POL-00001044,2025-11-11,2026-11-11,71596,1828
1045,1,POL-00001045,2025-11-12,2026-11-12,71655,1835
1046,2,POL-00001046,2025-11-13,2026-11-13,71714,1842
1047,3,POL-00001047,2025-11-14,2026-11-14,71773,1849
1048,4,POL-00001048,2025-11-15,2026-11-15,71832,1856
1049,5,POL-00001049,2025-11-16,2026-11-16,71891,1863
1050,6,POL-00001050,2025-11-17,2026-11-17,71950,1870
1051,7,POL-00001051,2025-11-18,2026-11-18,72009,1877
1052,8,POL-00001052,2025-11-19,2026-11-19,72068,1884
1053,9,POL-00001053,2025-11-20,2026-11-20,72127,1891
1054,10,POL-00001054,2025-11-21,2026-11-21,72186,1898
1055,11,POL-00001055,2025-11-22,2026-11-22,72245,1905
1056,12,POL-00001056,2025-11-23,2026-11-23,72304,1912
1057,1,POL-00001057,2025-11-24,2026-11-24,72363,1919
1058,2,POL-00001058,2025-11-25,2026-11-25,72422,1926
1059,3,POL-00001059,2025-11-26,2026-11-26,72481,1933
1060,4,POL-00001060,2025-11-27,2026-11-27,72540,1940
1061,5,POL-00001061,2025-11-28,2026-11-28,72599,1947
1062,6,POL-00001062,2025-11-29,2026-11-29,72658,1954
1063,7,POL-00001063,2025-11-30,2026-11-30,72717,1961
1064,8,POL-00001064,2025-12-01,2026-12-01,72776,1968
1065,9,POL-00001065,2025-12-02,2026-12-02,72835,1975
1066,10,POL-00001066,2025-12-03,2026-12-03,72894,1982
1067,11,POL-00001067,2025-12-04,2026-12-04,72953,1989
1068,12,POL-00001068,2025-12-05,2026-12-05,73012,1996
1069,1,POL-00001069,2025-12-06,2026-12-06,73071,2003
1070,2,POL-00001070,2025-12-07,2026-12-07,73130,2010
1071,3,POL-00001071,2025-12-08,2026-12-08,73189,2017
1072,4,POL-00001072,2025-12-09,2026-12-09,73248,2024
1073,5,POL-00001073,2025-12-10,2026-12-10,73307,2031
1074,6,POL-00001074,2025-12-11,2026-12-11,73366,2038
1075,7,POL-00001075,2025-12-12,2026-12-12,73425,2045
1076,8,POL-00001076,2025-12-13,2026-12-13,73484,2052
1077,9,POL-00001077,2025-12-14,2026-12-14,73543,2059
1078,10,POL-00001078,2025-12-15,2026-12-15,73602,2066
1079,11,POL-00001079,2025-12-16,2026-12-16,73661,2073
1080,12,POL-00001080,2025-12-17,2026-12-17,73720,2080
1081,1,POL-00001081,2025-12-18,2026-12-18,73779,2087
1082,2,POL-00001082,2025-12-19,2026-12-19,73838,2094
1083,3,POL-00001083,2025-12-20,2026-12-20,73897,2101
1084,4,POL-00001084,2025-12-21,2026-12-21,73956,2108
1085,5,POL-00001085,2025-12-22,2026-12-22,74015,2115
1086,6,POL-00001086,2025-12-23,2026-12-23,74074,222
1087,7,POL-00001087,2025-12-24,2026-12-24,74133,229
1088,8,POL-00001088,2025-12-25,2026-12-25,74192,236
1089,9,POL-00001089,2025-12-26,2026-12-26,74251,243
1090,10,POL-00001090,2025-12-27,2026-12-27,74310,250
1091,11,POL-00001091,2025-12-28,2026-12-28,74369,257
1092,12,POL-00001092,2025-12-29,2026-12-29,74428,264
1093,1,POL-00001093,2025-12-30,2026-12-30,74487,271
1094,2,POL-00001094,2025-12-31,2026-12-31,74546,278
1095,3,POL-00001095,2025-01-01,2026-01-01,74605,285
1096,4,POL-00001096,2025-01-02,2026-01-02,74664,292
1097,5,POL-00001097,2025-01-03,2026-01-03,74723,299
1098,6,POL-00001098,2025-01-04,2026-01-04,74782,306
1099,7,POL-00001099,2025-01-05,2026-01-05,74841,313
1100,8,POL-00001100,2025-01-06,2026-01-06,74900,320
1101,9,POL-00001101,2025-01-07,2026-01-07,74959,327
1102,10,POL-00001102,2025-01-08,2026-01-08,75018,334
1103,11,POL-00001103,2025-01-09,2026-01-09,75077,341
1104,12,POL-00001104,2025-01-10,2026-01-10,75136,348
1105,1,POL-00001105,2025-01-11,2026-01-11,75195,355
1106,2,POL-00001106,2025-01-12,2026-01-12,75254,362
1107,3,POL-00001107,2025-01-13,2026-01-13,75313,369
1108,4,POL-00001108,2025-01-14,2026-01-14,75372,376
1109,5,POL-00001109,2025-01-15,2026-01-15,75431,383
1110,6,POL-00001110,2025-01-16,2026-01-16,75490,390
1111,7,POL-00001111,2025-01-17,2026-01-17,75549,397
1112,8,POL-00001112,2025-01-18,2026-01-18,75608,404
1113,9,POL-00001113,2025-01-19,2026-01-19,75667,411
1114,10,POL-00001114,2025-01-20,2026-01-20,75726,418
1115,11,POL-00001115,2025-01-21,2026-01-21,75785,425
1116,12,POL-00001116,2025-01-22,2026-01-22,75844,432
1117,1,POL-00001117,2025-01-23,2026-01-23,75903,439
1118,2,POL-00001118,2025-01-24,2026-01-24,75962,446
1119,3,POL-00001119,2025-01-25,2026-01-25,76021,453
1120,4,POL-00001120,2025-01-26,2026-01-26,76080,460
1121,5,POL-00001121,2025-01-27,2026-01-27,76139,467
1122,6,POL-00001122,2025-01-28,2026-01-28,76198,474
1123,7,POL-00001123,2025-01-29,2026-01-29,76257,481
1124,8,POL-00001124,2025-01-30,2026-01-30,76316,488
1125,9,POL-00001125,2025-01-31,2026-01-31,76375,495
1126,10,POL-00001126,2025-02-01,2026-02-01,76434,502
1127,11,POL-00001127,2025-02-02,2026-02-02,76493,509
1128,12,POL-00001128,2025-02-03,2026-02-03,76552,516
1129,1,POL-00001129,2025-02-04,2026-02-04,76611,523
1130,2,POL-00001130,2025-02-05,2026-02-05,76670,530
1131,3,POL-00001131,2025-02-06,2026-02-06,76729,537
1132,4,POL-00001132,2025-02-07,2026-02-07,76788,544
1133,5,POL-00001133,2025-02-08,2026-02-08,76847,551
1134,6,POL-00001134,2025-02-09,2026-02-09,76906,558
1135,7,POL-00001135,2025-02-10,2026-02-10,76965,565
1136,8,POL-00001136,2025-02-11,2026-02-11,77024,572
1137,9,POL-00001137,2025-02-12,2026-02-12,77083,579
1138,10,POL-00001138,2025-02-13,2026-02-13,77142,586
1139,11,POL-00001139,2025-02-14,2026-02-14,77201,593
1140,12,POL-00001140,2025-02-15,2026-02-15,77260,600
1141,1,POL-00001141,2025-02-16,2026-02-16,77319,607
1142,2,POL-00001142,2025-02-17,2026-02-17,77378,614
1143,3,POL-00001143,2025-02-18,2026-02-18,77437,621
1144,4,POL-00001144,2025-02-19,2026-02-19,77496,628
1145,5,POL-00001145,2025-02-20,2026-02-20,77555,635
1146,6,POL-00001146,2025-02-21,2026-02-21,77614,642
1147,7,POL-00001147,2025-02-22,2026-02-22,77673,649
1148,8,POL-00001148,2025-02-23,2026-02-23,77732,656
1149,9,POL-00001149,2025-02-24,2026-02-24,77791,663
1150,10,POL-00001150,2025-02-25,2026-02-25,77850,670
1151,11,POL-00001151,2025-02-26,2026-02-26,77909,677
1152,12,POL-00001152,2025-02-27,2026-02-27,77968,684
1153,1,POL-00001153,2025-02-28,2026-02-28,78027,691
1154,2,POL-00001154,2025-03-01,2026-03-01,78086,698
1155,3,POL-00001155,2025-03-02,2026-03-02,78145,705
1156,4,POL-00001156,2025-03-03,2026-03-03,78204,712
1157,5,POL-00001157,2025-03-04,2026-03-04,78263,719
1158,6,POL-00001158,2025-03-05,2026-03-05,78322,726
1159,7,POL-00001159,2025-03-06,2026-03-06,78381,733
1160,8,POL-00001160,2025-03-07,2026-03-07,78440,740
1161,9,POL-00001161,2025-03-08,2026-03-08,78499,747
1162,10,POL-00001162,2025-03-09,2026-03-09,78558,754
1163,11,POL-00001163,2025-03-10,2026-03-10,78617,761
1164,12,POL-00001164,2025-03-11,2026-03-11,78676,768
1165,1,POL-00001165,2025-03-12,2026-03-12,78735,775
1166,2,POL-00001166,2025-03-13,2026-03-13,78794,782
1167,3,POL-00001167,2025-03-14,2026-03-14,78853,789
1168,4,POL-00001168,2025-03-15,2026-03-15,78912,796
1169,5,POL-00001169,2025-03-16,2026-03-16,78971,803
1170,6,POL-00001170,2025-03-17,2026-03-17,79030,810
1171,7,POL-00001171,2025-03-18,2026-03-18,79089,817
1172,8,POL-00001172,2025-03-19,2026-03-19,79148,824
1173,9,POL-00001173,2025-03-20,2026-03-20,79207,831
1174,10,POL-00001174,2025-03-21,2026-03-21,79266,838
1175,11,POL-00001175,2025-03-22,2026-03-22,79325,845
1176,12,POL-00001176,2025-03-23,2026-03-23,79384,852
1177,1,POL-00001177,2025-03-24,2026-03-24,79443,859
1178,2,POL-00001178,2025-03-25,2026-03-25,79502,866
1179,3,POL-00001179,2025-03-26,2026-03-26,79561,873
1180,4,POL-00001180,2025-03-27,2026-03-27,79620,880
1181,5,POL-00001181,2025-03-28,2026-03-28,79679,887
1182,6,POL-00001182,2025-03-29,2026-03-29,79738,894
1183,7,POL-00001183,2025-03-30,2026-03-30,79797,901
1184,8,POL-00001184,2025-03-31,2026-03-31,79856,908
1185,9,POL-00001185,2025-04-01,2026-04-01,79915,915
1186,10,POL-00001186,2025-04-02,2026-04-02,79974,922
1187,11,POL-00001187,2025-04-03,2026-04-03,80033,929
1188,12,POL-00001188,2025-04-04,2026-04-04,80092,936
1189,1,POL-00001189,2025-04-05,2026-04-05,80151,943
1190,2,POL-00001190,2025-04-06,2026-04-06,80210,950
1191,3,POL-00001191,2025-04-07,2026-04-07,80269,957
1192,4,POL-00001192,2025-04-08,2026-04-08,80328,964
1193,5,POL-00001193,2025-04-09,2026-04-09,80387,971
1194,6,POL-00001194,2025-04-10,2026-04-10,80446,978
1195,7,POL-00001195,2025-04-11,2026-04-11,80505,985
1196,8,POL-00001196,2025-04-12,2026-04-12,80564,992
1197,9,POL-00001197,2025-04-13,2026-04-13,80623,999
1198,10,POL-00001198,2025-04-14,2026-04-14,80682,1006
1199,11,POL-00001199,2025-04-15,2026-04-15,80741,1013
1200,12,POL-00001200,2025-04-16,2026-04-16,80800,1020
