1,Oddzial Warszawa,500000001,oddzial1@ztb-rental.pl,08:00-18:00,2,1,07-019
2,Oddzial Krakow,500000002,oddzial2@ztb-rental.pl,08:00-18:00,3,2,14-038
3,Oddzial Wroclaw,500000003,oddzial3@ztb-rental.pl,08:00-18:00,4,3,21-057
4,Oddzial Poznan,500000004,oddzial4@ztb-rental.pl,08:00-18:00,5,4,28-076
5,Oddzial Gdansk,500000005,oddzial5@ztb-rental.pl,08:00-18:00,6,5,35-095
6,Oddzial Lodz,500000006,oddzial6@ztb-rental.pl,08:00-18:00,7,6,42-114
7,Oddzial Szczecin,500000007,oddzial7@ztb-rental.pl,08:00-18:00,8,7,49-133
8,Oddzial Lublin,500000008,oddzial8@ztb-rental.pl,08:00-18:00,9,8,56-152
9,Oddzial Bydgoszcz,500000009,oddzial9@ztb-rental.pl,08:00-18:00,10,9,63-171
10,Oddzial Katowice,500000010,oddzial10@ztb-rental.pl,08:00-18:00,11,10,70-190
11,Oddzial Bialystok,500000011,oddzial11@ztb-rental.pl,08:00-18:00,12,11,77-209
12,Oddzial Rzeszow,500000012,oddzial12@ztb-rental.pl,08:00-18:00,13,12,84-228
13,Oddzial Olsztyn,500000013,oddzial13@ztb-rental.pl,08:00-18:00,14,13,91-247
14,Oddzial Opole,500000014,oddzial14@ztb-rental.pl,08:00-18:00,15,14,98-266
15,Oddzial Kielce,500000015,oddzial15@ztb-rental.pl,08:00-18:00,16,15,05-285
16,Oddzial Torun,500000016,oddzial16@ztb-rental.pl,08:00-18:00,17,16,12-304
17,Oddzial Gliwice,500000017,oddzial17@ztb-rental.pl,08:00-18:00,18,17,19-323
18,Oddzial Zielona Gora,500000018,oddzial18@ztb-rental.pl,08:00-18:00,19,18,26-342
19,Oddzial Plock,500000019,oddzial19@ztb-rental.pl,08:00-18:00,20,19,33-361
20,Oddzial Radom,500000020,oddzial20@ztb-rental.pl,08:00-18:00,21,20,40-380
21,Oddzial Monachium,500000021,oddzial21@ztb-rental.pl,08:00-18:00,22,21,47-399
22,Oddzial Berlin,500000022,oddzial22@ztb-rental.pl,08:00-18:00,23,22,54-418
23,Oddzial Drezno,500000023,oddzial23@ztb-rental.pl,08:00-18:00,24,23,61-437
24,Oddzial Lipsk,500000024,oddzial24@ztb-rental.pl,08:00-18:00,25,24,68-456
25,Oddzial Praga,500000025,oddzial25@ztb-rental.pl,08:00-18:00,26,25,75-475
26,Oddzial Brno,500000026,oddzial26@ztb-rental.pl,08:00-18:00,27,26,82-494
27,Oddzial Wieden,500000027,oddzial27@ztb-rental.pl,08:00-18:00,28,27,89-513
28,Oddzial Graz,500000028,oddzial28@ztb-rental.pl,08:00-18:00,29,28,96-532
29,Oddzial Paryz,500000029,oddzial29@ztb-rental.pl,08:00-18:00,30,29,03-551
30,Oddzial Lyon,500000030,oddzial30@ztb-rental.pl,08:00-18:00,31,30,10-570
31,Oddzial Madryt,500000031,oddzial31@ztb-rental.pl,08:00-18:00,32,31,17-589
32,Oddzial Barcelona,500000032,oddzial32@ztb-rental.pl,08:00-18:00,33,32,24-608
33,Oddzial Mediolan,500000033,oddzial33@ztb-rental.pl,08:00-18:00,34,33,31-627
34,Oddzial Rzym,500000034,oddzial34@ztb-rental.pl,08:00-18:00,35,34,38-646
35,Oddzial Amsterdam,500000035,oddzial35@ztb-rental.pl,08:00-18:00,36,35,45-665
36,Oddzial Rotterdam,500000036,oddzial36@ztb-rental.pl,08:00-18:00,37,36,52-684
37,Oddzial Bratyslawa,500000037,oddzial37@ztb-rental.pl,08:00-18:00,38,37,59-703
38,Oddzial Wilno,500000038,oddzial38@ztb-rental.pl,08:00-18:00,39,38,66-722
39,Oddzial Bruksela,500000039,oddzial39@ztb-rental.pl,08:00-18:00,40,39,73-741
40,Oddzial Hamburg,500000040,oddzial40@ztb-rental.pl,08:00-18:00,41,40,80-760
41,Oddzial Warszawa,500000041,oddzial41@ztb-rental.pl,08:00-18:00,42,41,87-779
42,Oddzial Krakow,500000042,oddzial42@ztb-rental.pl,08:00-18:00,43,42,94-798
43,Oddzial Wroclaw,500000043,oddzial43@ztb-rental.pl,08:00-18:00,44,43,01-817
44,Oddzial Poznan,500000044,oddzial44@ztb-rental.pl,08:00-18:00,45,44,08-836
45,Oddzial Gdansk,500000045,oddzial45@ztb-rental.pl,08:00-18:00,46,45,15-855
46,Oddzial Lodz,500000046,oddzial46@ztb-rental.pl,08:00-18:00,47,46,22-874
47,Oddzial Szczecin,500000047,oddzial47@ztb-rental.pl,08:00-18:00,48,47,29-893
48,Oddzial Lublin,500000048,oddzial48@ztb-rental.pl,08:00-18:00,49,48,36-912
49,Oddzial Bydgoszcz,500000049,oddzial49@ztb-rental.pl,08:00-18:00,50,49,43-931
50,Oddzial Katowice,500000050,oddzial50@ztb-rental.pl,08:00-18:00,51,50,50-950
51,Oddzial Bialystok,500000051,oddzial51@ztb-rental.pl,08:00-18:00,52,51,57-969
52,Oddzial Rzeszow,500000052,oddzial52@ztb-rental.pl,08:00-18:00,53,52,64-988
53,Oddzial Olsztyn,500000053,oddzial53@ztb-rental.pl,08:00-18:00,54,53,71-007
54,Oddzial Opole,500000054,oddzial54@ztb-rental.pl,08:00-18:00,55,54,78-026
55,Oddzial Kielce,500000055,oddzial55@ztb-rental.pl,08:00-18:00,56,55,85-045
56,Oddzial Torun,500000056,oddzial56@ztb-rental.pl,08:00-18:00,57,56,92-064
57,Oddzial Gliwice,500000057,oddzial57@ztb-rental.pl,08:00-18:00,58,57,99-083
58,Oddzial Zielona Gora,500000058,oddzial58@ztb-rental.pl,08:00-18:00,59,58,06-102
59,Oddzial Plock,500000059,oddzial59@ztb-rental.pl,08:00-18:00,60,59,13-121
60,Oddzial Radom,500000060,oddzial60@ztb-rental.pl,08:00-18:00,61,60,20-140
61,Oddzial Monachium,500000061,oddzial61@ztb-rental.pl,08:00-18:00,62,61,27-159
62,Oddzial Berlin,500000062,oddzial62@ztb-rental.pl,08:00-18:00,63,62,34-178
63,Oddzial Drezno,500000063,oddzial63@ztb-rental.pl,08:00-18:00,64,63,41-197
64,Oddzial Lipsk,500000064,oddzial64@ztb-rental.pl,08:00-18:00,65,64,48-216
65,Oddzial Praga,500000065,oddzial65@ztb-rental.pl,08:00-18:00,66,65,55-235
66,Oddzial Brno,500000066,oddzial66@ztb-rental.pl,08:00-18:00,67,66,62-254
67,Oddzial Wieden,500000067,oddzial67@ztb-rental.pl,08:00-18:00,68,67,69-273
68,Oddzial Graz,500000068,oddzial68@ztb-rental.pl,08:00-18:00,69,68,76-292
69,Oddzial Paryz,500000069,oddzial69@ztb-rental.pl,08:00-18:00,70,69,83-311
70,Oddzial Lyon,500000070,oddzial70@ztb-rental.pl,08:00-18:00,71,70,90-330
71,Oddzial Madryt,500000071,oddzial71@ztb-rental.pl,08:00-18:00,72,71,97-349
72,Oddzial Barcelona,500000072,oddzial72@ztb-rental.pl,08:00-18:00,73,72,04-368
73,Oddzial Mediolan,500000073,oddzial73@ztb-rental.pl,08:00-18:00,74,73,11-387
74,Oddzial Rzym,500000074,oddzial74@ztb-rental.pl,08:00-18:00,75,74,18-406
75,Oddzial Amsterdam,500000075,oddzial75@ztb-rental.pl,08:00-18:00,76,75,25-425
76,Oddzial Rotterdam,500000076,oddzial76@ztb-rental.pl,08:00-18:00,77,76,32-444
77,Oddzial Bratyslawa,500000077,oddzial77@ztb-rental.pl,08:00-18:00,78,77,39-463
78,Oddzial Wilno,500000078,oddzial78@ztb-rental.pl,08:00-18:00,79,78,46-482
79,Oddzial Bruksela,500000079,oddzial79@ztb-rental.pl,08:00-18:00,80,79,53-501
80,Oddzial Hamburg,500000080,oddzial80@ztb-rental.pl,08:00-18:00,81,80,60-520
81,Oddzial Warszawa,500000081,oddzial81@ztb-rental.pl,08:00-18:00,82,81,67-539
82,Oddzial Krakow,500000082,oddzial82@ztb-rental.pl,08:00-18:00,83,82,74-558
83,Oddzial Wroclaw,500000083,oddzial83@ztb-rental.pl,08:00-18:00,84,83,81-577
84,Oddzial Poznan,500000084,oddzial84@ztb-rental.pl,08:00-18:00,85,84,88-596
85,Oddzial Gdansk,500000085,oddzial85@ztb-rental.pl,08:00-18:00,86,85,95-615
86,Oddzial Lodz,500000086,oddzial86@ztb-rental.pl,08:00-18:00,87,86,02-634
87,Oddzial Szczecin,500000087,oddzial87@ztb-rental.pl,08:00-18:00,88,87,09-653
88,Oddzial Lublin,500000088,oddzial88@ztb-rental.pl,08:00-18:00,89,88,16-672
89,Oddzial Bydgoszcz,500000089,oddzial89@ztb-rental.pl,08:00-18:00,90,89,23-691
90,Oddzial Katowice,500000090,oddzial90@ztb-rental.pl,08:00-18:00,91,90,30-710
91,Oddzial Bialystok,500000091,oddzial91@ztb-rental.pl,08:00-18:00,92,91,37-729
92,Oddzial Rzeszow,500000092,oddzial92@ztb-rental.pl,08:00-18:00,93,92,44-748
93,Oddzial Olsztyn,500000093,oddzial93@ztb-rental.pl,08:00-18:00,94,93,51-767
94,Oddzial Opole,500000094,oddzial94@ztb-rental.pl,08:00-18:00,95,94,58-786
95,Oddzial Kielce,500000095,oddzial95@ztb-rental.pl,08:00-18:00,96,95,65-805
96,Oddzial Torun,500000096,oddzial96@ztb-rental.pl,08:00-18:00,97,96,72-824
97,Oddzial Gliwice,500000097,oddzial97@ztb-rental.pl,08:00-18:00,98,97,79-843
98,Oddzial Zielona Gora,500000098,oddzial98@ztb-rental.pl,08:00-18:00,99,98,86-862
99,Oddzial Plock,500000099,oddzial99@ztb-rental.pl,08:00-18:00,100,99,93-881
100,Oddzial Radom,500000100,oddzial100@ztb-rental.pl,08:00-18:00,101,100,00-900
101,Oddzial Monachium,500000101,oddzial101@ztb-rental.pl,08:00-18:00,102,101,07-919
102,Oddzial Berlin,500000102,oddzial102@ztb-rental.pl,08:00-18:00,103,102,14-938
103,Oddzial Drezno,500000103,oddzial103@ztb-rental.pl,08:00-18:00,104,103,21-957
104,Oddzial Lipsk,500000104,oddzial104@ztb-rental.pl,08:00-18:00,105,104,28-976
105,Oddzial Praga,500000105,oddzial105@ztb-rental.pl,08:00-18:00,106,105,35-995
106,Oddzial Brno,500000106,oddzial106@ztb-rental.pl,08:00-18:00,107,106,42-014
107,Oddzial Wieden,500000107,oddzial107@ztb-rental.pl,08:00-18:00,108,107,49-033
108,Oddzial Graz,500000108,oddzial108@ztb-rental.pl,08:00-18:00,109,108,56-052
109,Oddzial Paryz,500000109,oddzial109@ztb-rental.pl,08:00-18:00,110,109,63-071
110,Oddzial Lyon,500000110,oddzial110@ztb-rental.pl,08:00-18:00,111,110,70-090
111,Oddzial Madryt,500000111,oddzial111@ztb-rental.pl,08:00-18:00,112,111,77-109
112,Oddzial Barcelona,500000112,oddzial112@ztb-rental.pl,08:00-18:00,113,112,84-128
113,Oddzial Mediolan,500000113,oddzial113@ztb-rental.pl,08:00-18:00,114,113,91-147
114,Oddzial Rzym,500000114,oddzial114@ztb-rental.pl,08:00-18:00,115,114,98-166
115,Oddzial Amsterdam,500000115,oddzial115@ztb-rental.pl,08:00-18:00,116,115,05-185
116,Oddzial Rotterdam,500000116,oddzial116@ztb-rental.pl,08:00-18:00,117,116,12-204
117,Oddzial Bratyslawa,500000117,oddzial117@ztb-rental.pl,08:00-18:00,118,117,19-223
118,Oddzial Wilno,500000118,oddzial118@ztb-rental.pl,08:00-18:00,119,118,26-242
119,Oddzial Bruksela,500000119,oddzial119@ztb-rental.pl,08:00-18:00,120,119,33-261
120,Oddzial Hamburg,500000120,oddzial120@ztb-rental.pl,08:00-18:00,121,120,40-280
121,Oddzial Warszawa,500000121,oddzial121@ztb-rental.pl,08:00-18:00,122,121,47-299
122,Oddzial Krakow,500000122,oddzial122@ztb-rental.pl,08:00-18:00,123,122,54-318
123,Oddzial Wroclaw,500000123,oddzial123@ztb-rental.pl,08:00-18:00,124,123,61-337
124,Oddzial Poznan,500000124,oddzial124@ztb-rental.pl,08:00-18:00,125,124,68-356
125,Oddzial Gdansk,500000125,oddzial125@ztb-rental.pl,08:00-18:00,126,125,75-375
126,Oddzial Lodz,500000126,oddzial126@ztb-rental.pl,08:00-18:00,127,126,82-394
127,Oddzial Szczecin,500000127,oddzial127@ztb-rental.pl,08:00-18:00,128,127,89-413
128,Oddzial Lublin,500000128,oddzial128@ztb-rental.pl,08:00-18:00,129,128,96-432
129,Oddzial Bydgoszcz,500000129,oddzial129@ztb-rental.pl,08:00-18:00,130,129,03-451
130,Oddzial Katowice,500000130,oddzial130@ztb-rental.pl,08:00-18:00,131,130,10-470
131,Oddzial Bialystok,500000131,oddzial131@ztb-rental.pl,08:00-18:00,132,131,17-489
132,Oddzial Rzeszow,500000132,oddzial132@ztb-rental.pl,08:00-18:00,133,132,24-508
133,Oddzial Olsztyn,500000133,oddzial133@ztb-rental.pl,08:00-18:00,134,133,31-527
134,Oddzial Opole,500000134,oddzial134@ztb-rental.pl,08:00-18:00,135,134,38-546
135,Oddzial Kielce,500000135,oddzial135@ztb-rental.pl,08:00-18:00,136,135,45-565
136,Oddzial Torun,500000136,oddzial136@ztb-rental.pl,08:00-18:00,137,136,52-584
137,Oddzial Gliwice,500000137,oddzial137@ztb-rental.pl,08:00-18:00,138,137,59-603
138,Oddzial Zielona Gora,500000138,oddzial138@ztb-rental.pl,08:00-18:00,139,138,66-622
139,Oddzial Plock,500000139,oddzial139@ztb-rental.pl,08:00-18:00,140,139,73-641
140,Oddzial Radom,500000140,oddzial140@ztb-rental.pl,08:00-18:00,1,140,80-660
141,Oddzial Monachium,500000141,oddzial141@ztb-rental.pl,08:00-18:00,2,141,87-679
142,Oddzial Berlin,500000142,oddzial142@ztb-rental.pl,08:00-18:00,3,142,94-698
143,Oddzial Drezno,500000143,oddzial143@ztb-rental.pl,08:00-18:00,4,143,01-717
144,Oddzial Lipsk,500000144,oddzial144@ztb-rental.pl,08:00-18:00,5,144,08-736
145,Oddzial Praga,500000145,oddzial145@ztb-rental.pl,08:00-18:00,6,145,15-755
146,Oddzial Brno,500000146,oddzial146@ztb-rental.pl,08:00-18:00,7,146,22-774
147,Oddzial Wieden,500000147,oddzial147@ztb-rental.pl,08:00-18:00,8,147,29-793
148,Oddzial Graz,500000148,oddzial148@ztb-rental.pl,08:00-18:00,9,148,36-812
149,Oddzial Paryz,500000149,oddzial149@ztb-rental.pl,08:00-18:00,10,149,43-831
150,Oddzial Lyon,500000150,oddzial150@ztb-rental.pl,08:00-18:00,11,150,50-850
151,Oddzial Madryt,500000151,oddzial151@ztb-rental.pl,08:00-18:00,12,151,57-869
152,Oddzial Barcelona,500000152,oddzial152@ztb-rental.pl,08:00-18:00,13,152,64-888
153,Oddzial Mediolan,500000153,oddzial153@ztb-rental.pl,08:00-18:00,14,153,71-907
154,Oddzial Rzym,500000154,oddzial154@ztb-rental.pl,08:00-18:00,15,154,78-926
155,Oddzial Amsterdam,500000155,oddzial155@ztb-rental.pl,08:00-18:00,16,155,85-945
156,Oddzial Rotterdam,500000156,oddzial156@ztb-rental.pl,08:00-18:00,17,156,92-964
157,Oddzial Bratyslawa,500000157,oddzial157@ztb-rental.pl,08:00-18:00,18,157,99-983
158,Oddzial Wilno,500000158,oddzial158@ztb-rental.pl,08:00-18:00,19,158,06-002
159,Oddzial Bruksela,500000159,oddzial159@ztb-rental.pl,08:00-18:00,20,159,13-021
160,Oddzial Hamburg,500000160,oddzial160@ztb-rental.pl,08:00-18:00,21,160,20-040
161,Oddzial Warszawa,500000161,oddzial161@ztb-rental.pl,08:00-18:00,22,161,27-059
162,Oddzial Krakow,500000162,oddzial162@ztb-rental.pl,08:00-18:00,23,162,34-078
163,Oddzial Wroclaw,500000163,oddzial163@ztb-rental.pl,08:00-18:00,24,163,41-097
164,Oddzial Poznan,500000164,oddzial164@ztb-rental.pl,08:00-18:00,25,164,48-116
165,Oddzial Gdansk,500000165,oddzial165@ztb-rental.pl,08:00-18:00,26,165,55-135
166,Oddzial Lodz,500000166,oddzial166@ztb-rental.pl,08:00-18:00,27,166,62-154
167,Oddzial Szczecin,500000167,oddzial167@ztb-rental.pl,08:00-18:00,28,167,69-173
168,Oddzial Lublin,500000168,oddzial168@ztb-rental.pl,08:00-18:00,29,168,76-192
169,Oddzial Bydgoszcz,500000169,oddzial169@ztb-rental.pl,08:00-18:00,30,169,83-211
170,Oddzial Katowice,500000170,oddzial170@ztb-rental.pl,08:00-18:00,31,170,90-230
171,Oddzial Bialystok,500000171,oddzial171@ztb-rental.pl,08:00-18:00,32,171,97-249
172,Oddzial Rzeszow,500000172,oddzial172@ztb-rental.pl,08:00-18:00,33,172,04-268
173,Oddzial Olsztyn,500000173,oddzial173@ztb-rental.pl,08:00-18:00,34,173,11-287
174,Oddzial Opole,500000174,oddzial174@ztb-rental.pl,08:00-18:00,35,174,18-306
175,Oddzial Kielce,500000175,oddzial175@ztb-rental.pl,08:00-18:00,36,175,25-325
176,Oddzial Torun,500000176,oddzial176@ztb-rental.pl,08:00-18:00,37,176,32-344
177,Oddzial Gliwice,500000177,oddzial177@ztb-rental.pl,08:00-18:00,38,177,39-363
178,Oddzial Zielona Gora,500000178,oddzial178@ztb-rental.pl,08:00-18:00,39,178,46-382
179,Oddzial Plock,500000179,oddzial179@ztb-rental.pl,08:00-18:00,40,179,53-401
180,Oddzial Radom,500000180,oddzial180@ztb-rental.pl,08:00-18:00,41,180,60-420
181,Oddzial Monachium,500000181,oddzial181@ztb-rental.pl,08:00-18:00,42,181,67-439
182,Oddzial Berlin,500000182,oddzial182@ztb-rental.pl,08:00-18:00,43,182,74-458
183,Oddzial Drezno,500000183,oddzial183@ztb-rental.pl,08:00-18:00,44,183,81-477
184,Oddzial Lipsk,500000184,oddzial184@ztb-rental.pl,08:00-18:00,45,184,88-496
185,Oddzial Praga,500000185,oddzial185@ztb-rental.pl,08:00-18:00,46,185,95-515
186,Oddzial Brno,500000186,oddzial186@ztb-rental.pl,08:00-18:00,47,186,02-534
187,Oddzial Wieden,500000187,oddzial187@ztb-rental.pl,08:00-18:00,48,187,09-553
188,Oddzial Graz,500000188,oddzial188@ztb-rental.pl,08:00-18:00,49,188,16-572
189,Oddzial Paryz,500000189,oddzial189@ztb-rental.pl,08:00-18:00,50,189,23-591
190,Oddzial Lyon,500000190,oddzial190@ztb-rental.pl,08:00-18:00,51,190,30-610
191,Oddzial Madryt,500000191,oddzial191@ztb-rental.pl,08:00-18:00,52,191,37-629
192,Oddzial Barcelona,500000192,oddzial192@ztb-rental.pl,08:00-18:00,53,192,44-648
193,Oddzial Mediolan,500000193,oddzial193@ztb-rental.pl,08:00-18:00,54,193,51-667
194,Oddzial Rzym,500000194,oddzial194@ztb-rental.pl,08:00-18:00,55,194,58-686
195,Oddzial Amsterdam,500000195,oddzial195@ztb-rental.pl,08:00-18:00,56,195,65-705
196,Oddzial Rotterdam,500000196,oddzial196@ztb-rental.pl,08:00-18:00,57,196,72-724
197,Oddzial Bratyslawa,500000197,oddzial197@ztb-rental.pl,08:00-18:00,58,197,79-743
198,Oddzial Wilno,500000198,oddzial198@ztb-rental.pl,08:00-18:00,59,198,86-762
199,Oddzial Bruksela,500000199,oddzial199@ztb-rental.pl,08:00-18:00,60,199,93-781
200,Oddzial Hamburg,500000200,oddzial200@ztb-rental.pl,08:00-18:00,61,200,00-800
201,Oddzial Warszawa,500000201,oddzial201@ztb-rental.pl,08:00-18:00,62,201,07-819
202,Oddzial Krakow,500000202,oddzial202@ztb-rental.pl,08:00-18:00,63,202,14-838
203,Oddzial Wroclaw,500000203,oddzial203@ztb-rental.pl,08:00-18:00,64,203,21-857
204,Oddzial Poznan,500000204,oddzial204@ztb-rental.pl,08:00-18:00,65,204,28-876
205,Oddzial Gdansk,500000205,oddzial205@ztb-rental.pl,08:00-18:00,66,205,35-895
206,Oddzial Lodz,500000206,oddzial206@ztb-rental.pl,08:00-18:00,67,206,42-914
207,Oddzial Szczecin,500000207,oddzial207@ztb-rental.pl,08:00-18:00,68,207,49-933
208,Oddzial Lublin,500000208,oddzial208@ztb-rental.pl,08:00-18:00,69,208,56-952
209,Oddzial Bydgoszcz,500000209,oddzial209@ztb-rental.pl,08:00-18:00,70,209,63-971
210,Oddzial Katowice,500000210,oddzial210@ztb-rental.pl,08:00-18:00,71,210,70-990
211,Oddzial Bialystok,500000211,oddzial211@ztb-rental.pl,08:00-18:00,72,211,77-009
212,Oddzial Rzeszow,500000212,oddzial212@ztb-rental.pl,08:00-18:00,73,212,84-028
213,Oddzial Olsztyn,500000213,oddzial213@ztb-rental.pl,08:00-18:00,74,213,91-047
214,Oddzial Opole,500000214,oddzial214@ztb-rental.pl,08:00-18:00,75,214,98-066
215,Oddzial Kielce,500000215,oddzial215@ztb-rental.pl,08:00-18:00,76,215,05-085
216,Oddzial Torun,500000216,oddzial216@ztb-rental.pl,08:00-18:00,77,216,12-104
217,Oddzial Gliwice,500000217,oddzial217@ztb-rental.pl,08:00-18:00,78,217,19-123
218,Oddzial Zielona Gora,500000218,oddzial218@ztb-rental.pl,08:00-18:00,79,218,26-142
219,Oddzial Plock,500000219,oddzial219@ztb-rental.pl,08:00-18:00,80,219,33-161
220,Oddzial Radom,500000220,oddzial220@ztb-rental.pl,08:00-18:00,81,220,40-180
221,Oddzial Monachium,500000221,oddzial221@ztb-rental.pl,08:00-18:00,82,221,47-199
222,Oddzial Berlin,500000222,oddzial222@ztb-rental.pl,08:00-18:00,83,222,54-218
223,Oddzial Drezno,500000223,oddzial223@ztb-rental.pl,08:00-18:00,84,223,61-237
224,Oddzial Lipsk,500000224,oddzial224@ztb-rental.pl,08:00-18:00,85,224,68-256
225,Oddzial Praga,500000225,oddzial225@ztb-rental.pl,08:00-18:00,86,225,75-275
226,Oddzial Brno,500000226,oddzial226@ztb-rental.pl,08:00-18:00,87,226,82-294
227,Oddzial Wieden,500000227,oddzial227@ztb-rental.pl,08:00-18:00,88,227,89-313
228,Oddzial Graz,500000228,oddzial228@ztb-rental.pl,08:00-18:00,89,228,96-332
229,Oddzial Paryz,500000229,oddzial229@ztb-rental.pl,08:00-18:00,90,229,03-351
230,Oddzial Lyon,500000230,oddzial230@ztb-rental.pl,08:00-18:00,91,230,10-370
231,Oddzial Madryt,500000231,oddzial231@ztb-rental.pl,08:00-18:00,92,231,17-389
232,Oddzial Barcelona,500000232,oddzial232@ztb-rental.pl,08:00-18:00,93,232,24-408
233,Oddzial Mediolan,500000233,oddzial233@ztb-rental.pl,08:00-18:00,94,233,31-427
234,Oddzial Rzym,500000234,oddzial234@ztb-rental.pl,08:00-18:00,95,234,38-446
235,Oddzial Amsterdam,500000235,oddzial235@ztb-rental.pl,08:00-18:00,96,235,45-465
236,Oddzial Rotterdam,500000236,oddzial236@ztb-rental.pl,08:00-18:00,97,236,52-484
237,Oddzial Bratyslawa,500000237,oddzial237@ztb-rental.pl,08:00-18:00,98,237,59-503
238,Oddzial Wilno,500000238,oddzial238@ztb-rental.pl,08:00-18:00,99,238,66-522
239,Oddzial Bruksela,500000239,oddzial239@ztb-rental.pl,08:00-18:00,100,239,73-541
240,Oddzial Hamburg,500000240,oddzial240@ztb-rental.pl,08:00-18:00,101,240,80-560
241,Oddzial Warszawa,500000241,oddzial241@ztb-rental.pl,08:00-18:00,102,241,87-579
242,Oddzial Krakow,500000242,oddzial242@ztb-rental.pl,08:00-18:00,103,242,94-598
243,Oddzial Wroclaw,500000243,oddzial243@ztb-rental.pl,08:00-18:00,104,243,01-617
244,Oddzial Poznan,500000244,oddzial244@ztb-rental.pl,08:00-18:00,105,244,08-636
245,Oddzial Gdansk,500000245,oddzial245@ztb-rental.pl,08:00-18:00,106,245,15-655
246,Oddzial Lodz,500000246,oddzial246@ztb-rental.pl,08:00-18:00,107,246,22-674
247,Oddzial Szczecin,500000247,oddzial247@ztb-rental.pl,08:00-18:00,108,247,29-693
248,Oddzial Lublin,500000248,oddzial248@ztb-rental.pl,08:00-18:00,109,248,36-712
249,Oddzial Bydgoszcz,500000249,oddzial249@ztb-rental.pl,08:00-18:00,110,249,43-731
250,Oddzial Katowice,500000250,oddzial250@ztb-rental.pl,08:00-18:00,111,250,50-750
251,Oddzial Bialystok,500000251,oddzial251@ztb-rental.pl,08:00-18:00,112,251,57-769
252,Oddzial Rzeszow,500000252,oddzial252@ztb-rental.pl,08:00-18:00,113,252,64-788
253,Oddzial Olsztyn,500000253,oddzial253@ztb-rental.pl,08:00-18:00,114,253,71-807
254,Oddzial Opole,500000254,oddzial254@ztb-rental.pl,08:00-18:00,115,254,78-826
255,Oddzial Kielce,500000255,oddzial255@ztb-rental.pl,08:00-18:00,116,255,85-845
256,Oddzial Torun,500000256,oddzial256@ztb-rental.pl,08:00-18:00,117,256,92-864
257,Oddzial Gliwice,500000257,oddzial257@ztb-rental.pl,08:00-18:00,118,257,99-883
258,Oddzial Zielona Gora,500000258,oddzial258@ztb-rental.pl,08:00-18:00,119,258,06-902
259,Oddzial Plock,500000259,oddzial259@ztb-rental.pl,08:00-18:00,120,259,13-921
260,Oddzial Radom,500000260,oddzial260@ztb-rental.pl,08:00-18:00,121,260,20-940
261,Oddzial Monachium,500000261,oddzial261@ztb-rental.pl,08:00-18:00,122,261,27-959
262,Oddzial Berlin,500000262,oddzial262@ztb-rental.pl,08:00-18:00,123,262,34-978
263,Oddzial Drezno,500000263,oddzial263@ztb-rental.pl,08:00-18:00,124,263,41-997
264,Oddzial Lipsk,500000264,oddzial264@ztb-rental.pl,08:00-18:00,125,264,48-016
265,Oddzial Praga,500000265,oddzial265@ztb-rental.pl,08:00-18:00,126,265,55-035
266,Oddzial Brno,500000266,oddzial266@ztb-rental.pl,08:00-18:00,127,266,62-054
267,Oddzial Wieden,500000267,oddzial267@ztb-rental.pl,08:00-18:00,128,267,69-073
268,Oddzial Graz,500000268,oddzial268@ztb-rental.pl,08:00-18:00,129,268,76-092
269,Oddzial Paryz,500000269,oddzial269@ztb-rental.pl,08:00-18:00,130,269,83-111
270,Oddzial Lyon,500000270,oddzial270@ztb-rental.pl,08:00-18:00,131,270,90-130
271,Oddzial Madryt,500000271,oddzial271@ztb-rental.pl,08:00-18:00,132,271,97-149
272,Oddzial Barcelona,500000272,oddzial272@ztb-rental.pl,08:00-18:00,133,272,04-168
273,Oddzial Mediolan,500000273,oddzial273@ztb-rental.pl,08:00-18:00,134,273,11-187
274,Oddzial Rzym,500000274,oddzial274@ztb-rental.pl,08:00-18:00,135,274,18-206
275,Oddzial Amsterdam,500000275,oddzial275@ztb-rental.pl,08:00-18:00,136,275,25-225
276,Oddzial Rotterdam,500000276,oddzial276@ztb-rental.pl,08:00-18:00,137,276,32-244
277,Oddzial Bratyslawa,500000277,oddzial277@ztb-rental.pl,08:00-18:00,138,277,39-263
278,Oddzial Wilno,500000278,oddzial278@ztb-rental.pl,08:00-18:00,139,278,46-282
279,Oddzial Bruksela,500000279,oddzial279@ztb-rental.pl,08:00-18:00,140,279,53-301
280,Oddzial Hamburg,500000280,oddzial280@ztb-rental.pl,08:00-18:00,1,280,60-320
281,Oddzial Warszawa,500000281,oddzial281@ztb-rental.pl,08:00-18:00,2,281,67-339
282,Oddzial Krakow,500000282,oddzial282@ztb-rental.pl,08:00-18:00,3,282,74-358
283,Oddzial Wroclaw,500000283,oddzial283@ztb-rental.pl,08:00-18:00,4,283,81-377
284,Oddzial Poznan,500000284,oddzial284@ztb-rental.pl,08:00-18:00,5,284,88-396
285,Oddzial Gdansk,500000285,oddzial285@ztb-rental.pl,08:00-18:00,6,285,95-415
286,Oddzial Lodz,500000286,oddzial286@ztb-rental.pl,08:00-18:00,7,286,02-434
287,Oddzial Szczecin,500000287,oddzial287@ztb-rental.pl,08:00-18:00,8,287,09-453
288,Oddzial Lublin,500000288,oddzial288@ztb-rental.pl,08:00-18:00,9,288,16-472
289,Oddzial Bydgoszcz,500000289,oddzial289@ztb-rental.pl,08:00-18:00,10,289,23-491
290,Oddzial Katowice,500000290,oddzial290@ztb-rental.pl,08:00-18:00,11,290,30-510
291,Oddzial Bialystok,500000291,oddzial291@ztb-rental.pl,08:00-18:00,12,291,37-529
292,Oddzial Rzeszow,500000292,oddzial292@ztb-rental.pl,08:00-18:00,13,292,44-548
293,Oddzial Olsztyn,500000293,oddzial293@ztb-rental.pl,08:00-18:00,14,293,51-567
294,Oddzial Opole,500000294,oddzial294@ztb-rental.pl,08:00-18:00,15,294,58-586
295,Oddzial Kielce,500000295,oddzial295@ztb-rental.pl,08:00-18:00,16,295,65-605
296,Oddzial Torun,500000296,oddzial296@ztb-rental.pl,08:00-18:00,17,296,72-624
297,Oddzial Gliwice,500000297,oddzial297@ztb-rental.pl,08:00-18:00,18,297,79-643
298,Oddzial Zielona Gora,500000298,oddzial298@ztb-rental.pl,08:00-18:00,19,298,86-662
299,Oddzial Plock,500000299,oddzial299@ztb-rental.pl,08:00-18:00,20,299,93-681
300,Oddzial Radom,500000300,oddzial300@ztb-rental.pl,08:00-18:00,21,300,00-700
