1,1,Dluga 1
2,2,Krotka 1
3,3,Szkolna 1
4,4,Polna 1
5,5,Lesna 1
6,6,Kosciuszki 1
7,7,Mickiewicza 1
8,8,Slowackiego 1
9,9,Kolejowa 1
10,10,Rynek 1
11,11,Lipowa 1
12,12,Szeroka 1
13,13,Wiosenna 1
14,14,Jesienna 1
15,15,Akacjowa 1
16,16,Brzozowa 1
17,17,Sadowa 2
18,18,Spokojna 2
19,19,Ogrodowa 2
20,20,Parkowa 2
21,21,Jagiellonska 2
22,22,Morska 2
23,23,Sloneczna 2
24,24,Kwiatowa 2
25,25,Poprzeczna 2
26,26,Glowna 2
27,27,Nadbrzezna 2
28,28,Wodna 2
29,29,Targowa 2
30,30,Dworcowa 2
31,31,Dluga 2
32,32,Krotka 2
33,33,Szkolna 2
34,34,Polna 2
35,35,Lesna 2
36,36,Kosciuszki 2
37,37,Mickiewicza 2
38,38,Slowackiego 2
39,39,Kolejowa 2
40,40,Rynek 2
41,41,Lipowa 2
42,42,Szeroka 2
43,43,Wiosenna 2
44,44,Jesienna 2
45,45,Akacjowa 2
46,46,Brzozowa 3
47,47,Sadowa 3
48,48,Spokojna 3
49,49,Ogrodowa 3
50,50,Parkowa 3
51,51,Jagiellonska 3
52,52,Morska 3
53,53,Sloneczna 3
54,54,Kwiatowa 3
55,55,Poprzeczna 3
56,56,Glowna 3
57,57,Nadbrzezna 3
58,58,Wodna 3
59,59,Targowa 3
60,60,Dworcowa 3
61,61,Dluga 3
62,62,Krotka 3
63,63,Szkolna 3
64,64,Polna 3
65,65,Lesna 3
66,66,Kosciuszki 3
67,67,Mickiewicza 3
68,68,Slowackiego 3
69,69,Kolejowa 3
70,70,Rynek 3
71,71,Lipowa 3
72,72,Szeroka 3
73,73,Wiosenna 3
74,74,Jesienna 3
75,75,Akacjowa 3
76,76,Brzozowa 3
77,77,Sadowa 4
78,78,Spokojna 4
79,79,Ogrodowa 4
80,80,Parkowa 4
81,81,Jagiellonska 4
82,82,Morska 4
83,83,Sloneczna 4
84,84,Kwiatowa 4
85,85,Poprzeczna 4
86,86,Glowna 4
87,87,Nadbrzezna 4
88,88,Wodna 4
89,89,Targowa 4
90,90,Dworcowa 4
91,91,Dluga 4
92,92,Krotka 4
93,93,Szkolna 4
94,94,Polna 4
95,95,Lesna 4
96,96,Kosciuszki 4
97,97,Mickiewicza 4
98,98,Slowackiego 4
99,99,Kolejowa 4
100,100,Rynek 4
101,101,Lipowa 4
102,102,Szeroka 4
103,103,Wiosenna 4
104,104,Jesienna 4
105,105,Akacjowa 4
106,106,Brzozowa 5
107,107,Sadowa 5
108,108,Spokojna 5
109,109,Ogrodowa 5
110,110,Parkowa 5
111,111,Jagiellonska 5
112,112,Morska 5
113,113,Sloneczna 5
114,114,Kwiatowa 5
115,115,Poprzeczna 5
116,116,Glowna 5
117,117,Nadbrzezna 5
118,118,Wodna 5
119,119,Targowa 5
120,120,Dworcowa 5
121,121,Dluga 5
122,122,Krotka 5
123,123,Szkolna 5
124,124,Polna 5
125,125,Lesna 5
126,126,Kosciuszki 5
127,127,Mickiewicza 5
128,128,Slowackiego 5
129,129,Kolejowa 5
130,130,Rynek 5
131,131,Lipowa 5
132,132,Szeroka 5
133,133,Wiosenna 5
134,134,Jesienna 5
135,135,Akacjowa 5
136,136,Brzozowa 5
137,137,Sadowa 6
138,138,Spokojna 6
139,139,Ogrodowa 6
140,140,Parkowa 6
141,141,Jagiellonska 6
142,142,Morska 6
143,143,Sloneczna 6
144,144,Kwiatowa 6
145,145,Poprzeczna 6
146,146,Glowna 6
147,147,Nadbrzezna 6
148,148,Wodna 6
149,149,Targowa 6
150,150,Dworcowa 6
151,151,Dluga 6
152,152,Krotka 6
153,153,Szkolna 6
154,154,Polna 6
155,155,Lesna 6
156,156,Kosciuszki 6
157,157,Mickiewicza 6
158,158,Slowackiego 6
159,159,Kolejowa 6
160,160,Rynek 6
161,161,Lipowa 6
162,162,Szeroka 6
163,163,Wiosenna 6
164,164,Jesienna 6
165,165,Akacjowa 6
166,166,Brzozowa 7
167,167,Sadowa 7
168,168,Spokojna 7
169,169,Ogrodowa 7
170,170,Parkowa 7
171,171,Jagiellonska 7
172,172,Morska 7
173,173,Sloneczna 7
174,174,Kwiatowa 7
175,175,Poprzeczna 7
176,176,Glowna 7
177,177,Nadbrzezna 7
178,178,Wodna 7
179,179,Targowa 7
180,180,Dworcowa 7
181,181,Dluga 7
182,182,Krotka 7
183,183,Szkolna 7
184,184,Polna 7
185,185,Lesna 7
186,186,Kosciuszki 7
187,187,Mickiewicza 7
188,188,Slowackiego 7
189,189,Kolejowa 7
190,190,Rynek 7
191,191,Lipowa 7
192,192,Szeroka 7
193,193,Wiosenna 7
194,194,Jesienna 7
195,195,Akacjowa 7
196,196,Brzozowa 7
197,197,Sadowa 8
198,198,Spokojna 8
199,199,Ogrodowa 8
200,200,Parkowa 8
201,201,Jagiellonska 8
202,202,Morska 8
203,203,Sloneczna 8
204,204,Kwiatowa 8
205,205,Poprzeczna 8
206,206,Glowna 8
207,207,Nadbrzezna 8
208,208,Wodna 8
209,209,Targowa 8
210,210,Dworcowa 8
211,211,Dluga 8
212,212,Krotka 8
213,213,Szkolna 8
214,214,Polna 8
215,215,Lesna 8
216,216,Kosciuszki 8
217,217,Mickiewicza 8
218,218,Slowackiego 8
219,219,Kolejowa 8
220,220,Rynek 8
221,221,Lipowa 8
222,222,Szeroka 8
223,223,Wiosenna 8
224,224,Jesienna 8
225,225,Akacjowa 8
226,226,Brzozowa 9
227,227,Sadowa 9
228,228,Spokojna 9
229,229,Ogrodowa 9
230,230,Parkowa 9
231,231,Jagiellonska 9
232,232,Morska 9
233,233,Sloneczna 9
234,234,Kwiatowa 9
235,235,Poprzeczna 9
236,236,Glowna 9
237,237,Nadbrzezna 9
238,238,Wodna 9
239,239,Targowa 9
240,240,Dworcowa 9
241,241,Dluga 9
242,242,Krotka 9
243,243,Szkolna 9
244,244,Polna 9
245,245,Lesna 9
246,246,Kosciuszki 9
247,247,Mickiewicza 9
248,248,Slowackiego 9
249,249,Kolejowa 9
250,250,Rynek 9
251,251,Lipowa 9
252,252,Szeroka 9
253,253,Wiosenna 9
254,254,Jesienna 9
255,255,Akacjowa 9
256,256,Brzozowa 9
257,257,Sadowa 10
258,258,Spokojna 10
259,259,Ogrodowa 10
260,260,Parkowa 10
261,261,Jagiellonska 10
262,262,Morska 10
263,263,Sloneczna 10
264,264,Kwiatowa 10
265,265,Poprzeczna 10
266,266,Glowna 10
267,267,Nadbrzezna 10
268,268,Wodna 10
269,269,Targowa 10
270,270,Dworcowa 10
271,271,Dluga 10
272,272,Krotka 10
273,273,Szkolna 10
274,274,Polna 10
275,275,Lesna 10
276,276,Kosciuszki 10
277,277,Mickiewicza 10
278,278,Slowackiego 10
279,279,Kolejowa 10
280,280,Rynek 10
281,281,Lipowa 10
282,282,Szeroka 10
283,283,Wiosenna 10
284,284,Jesienna 10
285,285,Akacjowa 10
286,286,Brzozowa 11
287,287,Sadowa 11
288,288,Spokojna 11
289,289,Ogrodowa 11
290,290,Parkowa 11
291,291,Jagiellonska 11
292,292,Morska 11
293,293,Sloneczna 11
294,294,Kwiatowa 11
295,295,Poprzeczna 11
296,296,Glowna 11
297,297,Nadbrzezna 11
298,298,Wodna 11
299,299,Targowa 11
300,300,Dworcowa 11
301,301,Dluga 11
302,302,Krotka 11
303,303,Szkolna 11
304,304,Polna 11
305,305,Lesna 11
306,306,Kosciuszki 11
307,307,Mickiewicza 11
308,308,Slowackiego 11
309,309,Kolejowa 11
310,310,Rynek 11
311,311,Lipowa 11
312,312,Szeroka 11
313,313,Wiosenna 11
314,314,Jesienna 11
315,315,Akacjowa 11
316,316,Brzozowa 11
317,317,Sadowa 12
318,318,Spokojna 12
319,319,Ogrodowa 12
320,320,Parkowa 12
321,321,Jagiellonska 12
322,322,Morska 12
323,323,Sloneczna 12
324,324,Kwiatowa 12
325,325,Poprzeczna 12
326,326,Glowna 12
327,327,Nadbrzezna 12
328,328,Wodna 12
329,329,Targowa 12
330,330,Dworcowa 12
331,331,Dluga 12
332,332,Krotka 12
333,333,Szkolna 12
334,334,Polna 12
335,335,Lesna 12
336,336,Kosciuszki 12
337,337,Mickiewicza 12
338,338,Slowackiego 12
339,339,Kolejowa 12
340,340,Rynek 12
341,341,Lipowa 12
342,342,Szeroka 12
343,343,Wiosenna 12
344,344,Jesienna 12
345,345,Akacjowa 12
346,346,Brzozowa 13
347,347,Sadowa 13
348,348,Spokojna 13
349,349,Ogrodowa 13
350,350,Parkowa 13
351,351,Jagiellonska 13
352,352,Morska 13
353,353,Sloneczna 13
354,354,Kwiatowa 13
355,355,Poprzeczna 13
356,356,Glowna 13
357,357,Nadbrzezna 13
358,358,Wodna 13
359,359,Targowa 13
360,360,Dworcowa 13
361,361,Dluga 13
362,362,Krotka 13
363,363,Szkolna 13
364,364,Polna 13
365,365,Lesna 13
366,366,Kosciuszki 13
367,367,Mickiewicza 13
368,368,Slowackiego 13
369,369,Kolejowa 13
370,370,Rynek 13
371,371,Lipowa 13
372,372,Szeroka 13
373,373,Wiosenna 13
374,374,Jesienna 13
375,375,Akacjowa 13
376,376,Brzozowa 13
377,377,Sadowa 14
378,378,Spokojna 14
379,379,Ogrodowa 14
380,380,Parkowa 14
381,381,Jagiellonska 14
382,382,Morska 14
383,383,Sloneczna 14
384,384,Kwiatowa 14
385,385,Poprzeczna 14
386,386,Glowna 14
387,387,Nadbrzezna 14
388,388,Wodna 14
389,389,Targowa 14
390,390,Dworcowa 14
391,391,Dluga 14
392,392,Krotka 14
393,393,Szkolna 14
394,394,Polna 14
395,395,Lesna 14
396,396,Kosciuszki 14
397,397,Mickiewicza 14
398,398,Slowackiego 14
399,399,Kolejowa 14
400,400,Rynek 14
401,401,Lipowa 14
402,402,Szeroka 14
403,403,Wiosenna 14
404,404,Jesienna 14
405,405,Akacjowa 14
406,406,Brzozowa 15
407,407,Sadowa 15
408,408,Spokojna 15
409,409,Ogrodowa 15
410,410,Parkowa 15
411,411,Jagiellonska 15
412,412,Morska 15
413,413,Sloneczna 15
414,414,Kwiatowa 15
415,415,Poprzeczna 15
416,416,Glowna 15
417,417,Nadbrzezna 15
418,418,Wodna 15
419,419,Targowa 15
420,420,Dworcowa 15
421,421,Dluga 15
422,422,Krotka 15
423,423,Szkolna 15
424,424,Polna 15
425,425,Lesna 15
426,426,Kosciuszki 15
427,427,Mickiewicza 15
428,428,Slowackiego 15
429,429,Kolejowa 15
430,430,Rynek 15
431,431,Lipowa 15
432,432,Szeroka 15
433,433,Wiosenna 15
434,434,Jesienna 15
435,435,Akacjowa 15
436,436,Brzozowa 15
437,437,Sadowa 16
438,438,Spokojna 16
439,439,Ogrodowa 16
440,440,Parkowa 16
441,441,Jagiellonska 16
442,442,Morska 16
443,443,Sloneczna 16
444,444,Kwiatowa 16
445,445,Poprzeczna 16
446,446,Glowna 16
447,447,Nadbrzezna 16
448,448,Wodna 16
449,449,Targowa 16
450,450,Dworcowa 16
451,451,Dluga 16
452,452,Krotka 16
453,453,Szkolna 16
454,454,Polna 16
455,455,Lesna 16
456,456,Kosciuszki 16
457,457,Mickiewicza 16
458,458,Slowackiego 16
459,459,Kolejowa 16
460,460,Rynek 16
461,461,Lipowa 16
462,462,Szeroka 16
463,463,Wiosenna 16
464,464,Jesienna 16
465,465,Akacjowa 16
466,466,Brzozowa 17
467,467,Sadowa 17
468,468,Spokojna 17
469,469,Ogrodowa 17
470,470,Parkowa 17
471,471,Jagiellonska 17
472,472,Morska 17
473,473,Sloneczna 17
474,474,Kwiatowa 17
475,475,Poprzeczna 17
476,476,Glowna 17
477,477,Nadbrzezna 17
478,478,Wodna 17
479,479,Targowa 17
480,480,Dworcowa 17
481,481,Dluga 17
482,482,Krotka 17
483,483,Szkolna 17
484,484,Polna 17
485,485,Lesna 17
486,486,Kosciuszki 17
487,487,Mickiewicza 17
488,488,Slowackiego 17
489,489,Kolejowa 17
490,490,Rynek 17
491,491,Lipowa 17
492,492,Szeroka 17
493,493,Wiosenna 17
494,494,Jesienna 17
495,495,Akacjowa 17
496,496,Brzozowa 17
497,497,Sadowa 18
498,498,Spokojna 18
499,499,Ogrodowa 18
500,500,Parkowa 18
501,1,Jagiellonska 18
502,2,Morska 18
503,3,Sloneczna 18
504,4,Kwiatowa 18
505,5,Poprzeczna 18
506,6,Glowna 18
507,7,Nadbrzezna 18
508,8,Wodna 18
509,9,Targowa 18
510,10,Dworcowa 18
511,11,Dluga 18
512,12,Krotka 18
513,13,Szkolna 18
514,14,Polna 18
515,15,Lesna 18
516,16,Kosciuszki 18
517,17,Mickiewicza 18
518,18,Slowackiego 18
519,19,Kolejowa 18
520,20,Rynek 18
521,21,Lipowa 18
522,22,Szeroka 18
523,23,Wiosenna 18
524,24,Jesienna 18
525,25,Akacjowa 18
526,26,Brzozowa 19
527,27,Sadowa 19
528,28,Spokojna 19
529,29,Ogrodowa 19
530,30,Parkowa 19
531,31,Jagiellonska 19
532,32,Morska 19
533,33,Sloneczna 19
534,34,Kwiatowa 19
535,35,Poprzeczna 19
536,36,Glowna 19
537,37,Nadbrzezna 19
538,38,Wodna 19
539,39,Targowa 19
540,40,Dworcowa 19
541,41,Dluga 19
542,42,Krotka 19
543,43,Szkolna 19
544,44,Polna 19
545,45,Lesna 19
546,46,Kosciuszki 19
547,47,Mickiewicza 19
548,48,Slowackiego 19
549,49,Kolejowa 19
550,50,Rynek 19
551,51,Lipowa 19
552,52,Szeroka 19
553,53,Wiosenna 19
554,54,Jesienna 19
555,55,Akacjowa 19
556,56,Brzozowa 19
557,57,Sadowa 20
558,58,Spokojna 20
559,59,Ogrodowa 20
560,60,Parkowa 20
561,61,Jagiellonska 20
562,62,Morska 20
563,63,Sloneczna 20
564,64,Kwiatowa 20
565,65,Poprzeczna 20
566,66,Glowna 20
567,67,Nadbrzezna 20
568,68,Wodna 20
569,69,Targowa 20
570,70,Dworcowa 20
571,71,Dluga 20
572,72,Krotka 20
573,73,Szkolna 20
574,74,Polna 20
575,75,Lesna 20
576,76,Kosciuszki 20
577,77,Mickiewicza 20
578,78,Slowackiego 20
579,79,Kolejowa 20
580,80,Rynek 20
581,81,Lipowa 20
582,82,Szeroka 20
583,83,Wiosenna 20
584,84,Jesienna 20
585,85,Akacjowa 20
586,86,Brzozowa 21
587,87,Sadowa 21
588,88,Spokojna 21
589,89,Ogrodowa 21
590,90,Parkowa 21
591,91,Jagiellonska 21
592,92,Morska 21
593,93,Sloneczna 21
594,94,Kwiatowa 21
595,95,Poprzeczna 21
596,96,Glowna 21
597,97,Nadbrzezna 21
598,98,Wodna 21
599,99,Targowa 21
600,100,Dworcowa 21
601,101,Dluga 21
602,102,Krotka 21
603,103,Szkolna 21
604,104,Polna 21
605,105,Lesna 21
606,106,Kosciuszki 21
607,107,Mickiewicza 21
608,108,Slowackiego 21
609,109,Kolejowa 21
610,110,Rynek 21
611,111,Lipowa 21
612,112,Szeroka 21
613,113,Wiosenna 21
614,114,Jesienna 21
615,115,Akacjowa 21
616,116,Brzozowa 21
617,117,Sadowa 22
618,118,Spokojna 22
619,119,Ogrodowa 22
620,120,Parkowa 22
621,121,Jagiellonska 22
622,122,Morska 22
623,123,Sloneczna 22
624,124,Kwiatowa 22
625,125,Poprzeczna 22
626,126,Glowna 22
627,127,Nadbrzezna 22
628,128,Wodna 22
629,129,Targowa 22
630,130,Dworcowa 22
631,131,Dluga 22
632,132,Krotka 22
633,133,Szkolna 22
634,134,Polna 22
635,135,Lesna 22
636,136,Kosciuszki 22
637,137,Mickiewicza 22
638,138,Slowackiego 22
639,139,Kolejowa 22
640,140,Rynek 22
641,141,Lipowa 22
642,142,Szeroka 22
643,143,Wiosenna 22
644,144,Jesienna 22
645,145,Akacjowa 22
646,146,Brzozowa 23
647,147,Sadowa 23
648,148,Spokojna 23
649,149,Ogrodowa 23
650,150,Parkowa 23
651,151,Jagiellonska 23
652,152,Morska 23
653,153,Sloneczna 23
654,154,Kwiatowa 23
655,155,Poprzeczna 23
656,156,Glowna 23
657,157,Nadbrzezna 23
658,158,Wodna 23
659,159,Targowa 23
660,160,Dworcowa 23
661,161,Dluga 23
662,162,Krotka 23
663,163,Szkolna 23
664,164,Polna 23
665,165,Lesna 23
666,166,Kosciuszki 23
667,167,Mickiewicza 23
668,168,Slowackiego 23
669,169,Kolejowa 23
670,170,Rynek 23
671,171,Lipowa 23
672,172,Szeroka 23
673,173,Wiosenna 23
674,174,Jesienna 23
675,175,Akacjowa 23
676,176,Brzozowa 23
677,177,Sadowa 24
678,178,Spokojna 24
679,179,Ogrodowa 24
680,180,Parkowa 24
681,181,Jagiellonska 24
682,182,Morska 24
683,183,Sloneczna 24
684,184,Kwiatowa 24
685,185,Poprzeczna 24
686,186,Glowna 24
687,187,Nadbrzezna 24
688,188,Wodna 24
689,189,Targowa 24
690,190,Dworcowa 24
691,191,Dluga 24
692,192,Krotka 24
693,193,Szkolna 24
694,194,Polna 24
695,195,Lesna 24
696,196,Kosciuszki 24
697,197,Mickiewicza 24
698,198,Slowackiego 24
699,199,Kolejowa 24
700,200,Rynek 24
701,201,Lipowa 24
702,202,Szeroka 24
703,203,Wiosenna 24
704,204,Jesienna 24
705,205,Akacjowa 24
706,206,Brzozowa 25
707,207,Sadowa 25
708,208,Spokojna 25
709,209,Ogrodowa 25
710,210,Parkowa 25
711,211,Jagiellonska 25
712,212,Morska 25
713,213,Sloneczna 25
714,214,Kwiatowa 25
715,215,Poprzeczna 25
716,216,Glowna 25
717,217,Nadbrzezna 25
718,218,Wodna 25
719,219,Targowa 25
720,220,Dworcowa 25
721,221,Dluga 25
722,222,Krotka 25
723,223,Szkolna 25
724,224,Polna 25
725,225,Lesna 25
726,226,Kosciuszki 25
727,227,Mickiewicza 25
728,228,Slowackiego 25
729,229,Kolejowa 25
730,230,Rynek 25
731,231,Lipowa 25
732,232,Szeroka 25
733,233,Wiosenna 25
734,234,Jesienna 25
735,235,Akacjowa 25
736,236,Brzozowa 25
737,237,Sadowa 26
738,238,Spokojna 26
739,239,Ogrodowa 26
740,240,Parkowa 26
741,241,Jagiellonska 26
742,242,Morska 26
743,243,Sloneczna 26
744,244,Kwiatowa 26
745,245,Poprzeczna 26
746,246,Glowna 26
747,247,Nadbrzezna 26
748,248,Wodna 26
749,249,Targowa 26
750,250,Dworcowa 26
751,251,Dluga 26
752,252,Krotka 26
753,253,Szkolna 26
754,254,Polna 26
755,255,Lesna 26
756,256,Kosciuszki 26
757,257,Mickiewicza 26
758,258,Slowackiego 26
759,259,Kolejowa 26
760,260,Rynek 26
761,261,Lipowa 26
762,262,Szeroka 26
763,263,Wiosenna 26
764,264,Jesienna 26
765,265,Akacjowa 26
766,266,Brzozowa 27
767,267,Sadowa 27
768,268,Spokojna 27
769,269,Ogrodowa 27
770,270,Parkowa 27
771,271,Jagiellonska 27
772,272,Morska 27
773,273,Sloneczna 27
774,274,Kwiatowa 27
775,275,Poprzeczna 27
776,276,Glowna 27
777,277,Nadbrzezna 27
778,278,Wodna 27
779,279,Targowa 27
780,280,Dworcowa 27
781,281,Dluga 27
782,282,Krotka 27
783,283,Szkolna 27
784,284,Polna 27
785,285,Lesna 27
786,286,Kosciuszki 27
787,287,Mickiewicza 27
788,288,Slowackiego 27
789,289,Kolejowa 27
790,290,Rynek 27
791,291,Lipowa 27
792,292,Szeroka 27
793,293,Wiosenna 27
794,294,Jesienna 27
795,295,Akacjowa 27
796,296,Brzozowa 27
797,297,Sadowa 28
798,298,Spokojna 28
799,299,Ogrodowa 28
800,300,Parkowa 28
801,301,Jagiellonska 28
802,302,Morska 28
803,303,Sloneczna 28
804,304,Kwiatowa 28
805,305,Poprzeczna 28
806,306,Glowna 28
807,307,Nadbrzezna 28
808,308,Wodna 28
809,309,Targowa 28
810,310,Dworcowa 28
811,311,Dluga 28
812,312,Krotka 28
813,313,Szkolna 28
814,314,Polna 28
815,315,Lesna 28
816,316,Kosciuszki 28
817,317,Mickiewicza 28
818,318,Slowackiego 28
819,319,Kolejowa 28
820,320,Rynek 28
821,321,Lipowa 28
822,322,Szeroka 28
823,323,Wiosenna 28
824,324,Jesienna 28
825,325,Akacjowa 28
826,326,Brzozowa 29
827,327,Sadowa 29
828,328,Spokojna 29
829,329,Ogrodowa 29
830,330,Parkowa 29
831,331,Jagiellonska 29
832,332,Morska 29
833,333,Sloneczna 29
834,334,Kwiatowa 29
835,335,Poprzeczna 29
836,336,Glowna 29
837,337,Nadbrzezna 29
838,338,Wodna 29
839,339,Targowa 29
840,340,Dworcowa 29
841,341,Dluga 29
842,342,Krotka 29
843,343,Szkolna 29
844,344,Polna 29
845,345,Lesna 29
846,346,Kosciuszki 29
847,347,Mickiewicza 29
848,348,Slowackiego 29
849,349,Kolejowa 29
850,350,Rynek 29
851,351,Lipowa 29
852,352,Szeroka 29
853,353,Wiosenna 29
854,354,Jesienna 29
855,355,Akacjowa 29
856,356,Brzozowa 29
857,357,Sadowa 30
858,358,Spokojna 30
859,359,Ogrodowa 30
860,360,Parkowa 30
861,361,Jagiellonska 30
862,362,Morska 30
863,363,Sloneczna 30
864,364,Kwiatowa 30
865,365,Poprzeczna 30
866,366,Glowna 30
867,367,Nadbrzezna 30
868,368,Wodna 30
869,369,Targowa 30
870,370,Dworcowa 30
871,371,Dluga 30
872,372,Krotka 30
873,373,Szkolna 30
874,374,Polna 30
875,375,Lesna 30
876,376,Kosciuszki 30
877,377,Mickiewicza 30
878,378,Slowackiego 30
879,379,Kolejowa 30
880,380,Rynek 30
881,381,Lipowa 30
882,382,Szeroka 30
883,383,Wiosenna 30
884,384,Jesienna 30
885,385,Akacjowa 30
886,386,Brzozowa 31
887,387,Sadowa 31
888,388,Spokojna 31
889,389,Ogrodowa 31
890,390,Parkowa 31
891,391,Jagiellonska 31
892,392,Morska 31
893,393,Sloneczna 31
894,394,Kwiatowa 31
895,395,Poprzeczna 31
896,396,Glowna 31
897,397,Nadbrzezna 31
898,398,Wodna 31
899,399,Targowa 31
900,400,Dworcowa 31
901,401,Dluga 31
902,402,Krotka 31
903,403,Szkolna 31
904,404,Polna 31
905,405,Lesna 31
906,406,Kosciuszki 31
907,407,Mickiewicza 31
908,408,Slowackiego 31
909,409,Kolejowa 31
910,410,Rynek 31
911,411,Lipowa 31
912,412,Szeroka 31
913,413,Wiosenna 31
914,414,Jesienna 31
915,415,Akacjowa 31
916,416,Brzozowa 31
917,417,Sadowa 32
918,418,Spokojna 32
919,419,Ogrodowa 32
920,420,Parkowa 32
921,421,Jagiellonska 32
922,422,Morska 32
923,423,Sloneczna 32
924,424,Kwiatowa 32
925,425,Poprzeczna 32
926,426,Glowna 32
927,427,Nadbrzezna 32
928,428,Wodna 32
929,429,Targowa 32
930,430,Dworcowa 32
931,431,Dluga 32
932,432,Krotka 32
933,433,Szkolna 32
934,434,Polna 32
935,435,Lesna 32
936,436,Kosciuszki 32
937,437,Mickiewicza 32
938,438,Slowackiego 32
939,439,Kolejowa 32
940,440,Rynek 32
941,441,Lipowa 32
942,442,Szeroka 32
943,443,Wiosenna 32
944,444,Jesienna 32
945,445,Akacjowa 32
946,446,Brzozowa 33
947,447,Sadowa 33
948,448,Spokojna 33
949,449,Ogrodowa 33
950,450,Parkowa 33
951,451,Jagiellonska 33
952,452,Morska 33
953,453,Sloneczna 33
954,454,Kwiatowa 33
955,455,Poprzeczna 33
956,456,Glowna 33
957,457,Nadbrzezna 33
958,458,Wodna 33
959,459,Targowa 33
960,460,Dworcowa 33
961,461,Dluga 33
962,462,Krotka 33
963,463,Szkolna 33
964,464,Polna 33
965,465,Lesna 33
966,466,Kosciuszki 33
967,467,Mickiewicza 33
968,468,Slowackiego 33
969,469,Kolejowa 33
970,470,Rynek 33
971,471,Lipowa 33
972,472,Szeroka 33
973,473,Wiosenna 33
974,474,Jesienna 33
975,475,Akacjowa 33
976,476,Brzozowa 33
977,477,Sadowa 34
978,478,Spokojna 34
979,479,Ogrodowa 34
980,480,Parkowa 34
981,481,Jagiellonska 34
982,482,Morska 34
983,483,Sloneczna 34
984,484,Kwiatowa 34
985,485,Poprzeczna 34
986,486,Glowna 34
987,487,Nadbrzezna 34
988,488,Wodna 34
989,489,Targowa 34
990,490,Dworcowa 34
991,491,Dluga 34
992,492,Krotka 34
993,493,Szkolna 34
994,494,Polna 34
995,495,Lesna 34
996,496,Kosciuszki 34
997,497,Mickiewicza 34
998,498,Slowackiego 34
999,499,Kolejowa 34
1000,500,Rynek 34
