1,Corolla-1,1
2,Yaris-2,2
3,Auris-3,3
4,Golf-4,4
5,Passat-5,5
6,Octavia-6,6
7,Fabia-7,7
8,Ceed-8,8
9,Sportage-9,9
10,Tucson-10,10
11,Focus-11,11
12,Astra-12,12
13,Clio-13,13
14,Megane-14,14
15,208-15,15
16,308-16,16
17,Tipo-17,17
18,Qashqai-18,18
19,CX-5-19,19
20,Civic-20,20
21,V40-21,21
22,X1-22,22
23,A4-23,23
24,C200-24,24
25,Duster-25,25
26,Ateca-26,26
27,Model 3-27,27
28,Model Y-28,28
29,E-Pace-29,29
30,Cayenne-30,30
31,Corolla-31,31
32,Yaris-32,32
33,Auris-33,33
34,Golf-34,34
35,Passat-35,35
36,Octavia-36,36
37,Fabia-37,37
38,Ceed-38,38
39,Sportage-39,39
40,Tucson-40,40
41,Focus-41,41
42,Astra-42,42
43,Clio-43,43
44,Megane-44,44
45,208-45,45
46,308-46,46
47,Tipo-47,47
48,Qashqai-48,48
49,CX-5-49,49
50,Civic-50,50
51,V40-51,51
52,X1-52,52
53,A4-53,53
54,C200-54,54
55,Duster-55,55
56,Ateca-56,56
57,Model 3-57,57
58,Model Y-58,58
59,E-Pace-59,59
60,Cayenne-60,60
61,Corolla-61,61
62,Yaris-62,62
63,Auris-63,63
64,Golf-64,64
65,Passat-65,65
66,Octavia-66,66
67,Fabia-67,67
68,Ceed-68,68
69,Sportage-69,69
70,Tucson-70,70
71,Focus-71,71
72,Astra-72,72
73,Clio-73,73
74,Megane-74,74
75,208-75,75
76,308-76,76
77,Tipo-77,77
78,Qashqai-78,78
79,CX-5-79,79
80,Civic-80,80
81,V40-81,1
82,X1-82,2
83,A4-83,3
84,C200-84,4
85,Duster-85,5
86,Ateca-86,6
87,Model 3-87,7
88,Model Y-88,8
89,E-Pace-89,9
90,Cayenne-90,10
91,Corolla-91,11
92,Yaris-92,12
93,Auris-93,13
94,Golf-94,14
95,Passat-95,15
96,Octavia-96,16
97,Fabia-97,17
98,Ceed-98,18
99,Sportage-99,19
100,Tucson-100,20
101,Focus-101,21
102,Astra-102,22
103,Clio-103,23
104,Megane-104,24
105,208-105,25
106,308-106,26
107,Tipo-107,27
108,Qashqai-108,28
109,CX-5-109,29
110,Civic-110,30
111,V40-111,31
112,X1-112,32
113,A4-113,33
114,C200-114,34
115,Duster-115,35
116,Ateca-116,36
117,Model 3-117,37
118,Model Y-118,38
119,E-Pace-119,39
120,Cayenne-120,40
121,Corolla-121,41
122,Yaris-122,42
123,Auris-123,43
124,Golf-124,44
125,Passat-125,45
126,Octavia-126,46
127,Fabia-127,47
128,Ceed-128,48
129,Sportage-129,49
130,Tucson-130,50
131,Focus-131,51
132,Astra-132,52
133,Clio-133,53
134,Megane-134,54
135,208-135,55
136,308-136,56
137,Tipo-137,57
138,Qashqai-138,58
139,CX-5-139,59
140,Civic-140,60
141,V40-141,61
142,X1-142,62
143,A4-143,63
144,C200-144,64
145,Duster-145,65
146,Ateca-146,66
147,Model 3-147,67
148,Model Y-148,68
149,E-Pace-149,69
150,Cayenne-150,70
151,Corolla-151,71
152,Yaris-152,72
153,Auris-153,73
154,Golf-154,74
155,Passat-155,75
156,Octavia-156,76
157,Fabia-157,77
158,Ceed-158,78
159,Sportage-159,79
160,Tucson-160,80
161,Focus-161,1
162,Astra-162,2
163,Clio-163,3
164,Megane-164,4
165,208-165,5
166,308-166,6
167,Tipo-167,7
168,Qashqai-168,8
169,CX-5-169,9
170,Civic-170,10
171,V40-171,11
172,X1-172,12
173,A4-173,13
174,C200-174,14
175,Duster-175,15
176,Ateca-176,16
177,Model 3-177,17
178,Model Y-178,18
179,E-Pace-179,19
180,Cayenne-180,20
181,Corolla-181,21
182,Yaris-182,22
183,Auris-183,23
184,Golf-184,24
185,Passat-185,25
186,Octavia-186,26
187,Fabia-187,27
188,Ceed-188,28
189,Sportage-189,29
190,Tucson-190,30
191,Focus-191,31
192,Astra-192,32
193,Clio-193,33
194,Megane-194,34
195,208-195,35
196,308-196,36
197,Tipo-197,37
198,Qashqai-198,38
199,CX-5-199,39
200,Civic-200,40
201,V40-201,41
202,X1-202,42
203,A4-203,43
204,C200-204,44
205,Duster-205,45
206,Ateca-206,46
207,Model 3-207,47
208,Model Y-208,48
209,E-Pace-209,49
210,Cayenne-210,50
211,Corolla-211,51
212,Yaris-212,52
213,Auris-213,53
214,Golf-214,54
215,Passat-215,55
216,Octavia-216,56
217,Fabia-217,57
218,Ceed-218,58
219,Sportage-219,59
220,Tucson-220,60
221,Focus-221,61
222,Astra-222,62
223,Clio-223,63
224,Megane-224,64
225,208-225,65
226,308-226,66
227,Tipo-227,67
228,Qashqai-228,68
229,CX-5-229,69
230,Civic-230,70
231,V40-231,71
232,X1-232,72
233,A4-233,73
234,C200-234,74
235,Duster-235,75
236,Ateca-236,76
237,Model 3-237,77
238,Model Y-238,78
239,E-Pace-239,79
240,Cayenne-240,80
241,Corolla-241,1
242,Yaris-242,2
243,Auris-243,3
244,Golf-244,4
245,Passat-245,5
246,Octavia-246,6
247,Fabia-247,7
248,Ceed-248,8
249,Sportage-249,9
250,Tucson-250,10
251,Focus-251,11
252,Astra-252,12
253,Clio-253,13
254,Megane-254,14
255,208-255,15
256,308-256,16
257,Tipo-257,17
258,Qashqai-258,18
259,CX-5-259,19
260,Civic-260,20
261,V40-261,21
262,X1-262,22
263,A4-263,23
264,C200-264,24
265,Duster-265,25
266,Ateca-266,26
267,Model 3-267,27
268,Model Y-268,28
269,E-Pace-269,29
270,Cayenne-270,30
271,Corolla-271,31
272,Yaris-272,32
273,Auris-273,33
274,Golf-274,34
275,Passat-275,35
276,Octavia-276,36
277,Fabia-277,37
278,Ceed-278,38
279,Sportage-279,39
280,Tucson-280,40
281,Focus-281,41
282,Astra-282,42
283,Clio-283,43
284,Megane-284,44
285,208-285,45
286,308-286,46
287,Tipo-287,47
288,Qashqai-288,48
289,CX-5-289,49
290,Civic-290,50
291,V40-291,51
292,X1-292,52
293,A4-293,53
294,C200-294,54
295,Duster-295,55
296,Ateca-296,56
297,Model 3-297,57
298,Model Y-298,58
299,E-Pace-299,59
300,Cayenne-300,60
301,Corolla-301,61
302,Yaris-302,62
303,Auris-303,63
304,Golf-304,64
305,Passat-305,65
306,Octavia-306,66
307,Fabia-307,67
308,Ceed-308,68
309,Sportage-309,69
310,Tucson-310,70
311,Focus-311,71
312,Astra-312,72
313,Clio-313,73
314,Megane-314,74
315,208-315,75
316,308-316,76
317,Tipo-317,77
318,Qashqai-318,78
319,CX-5-319,79
320,Civic-320,80
321,V40-321,1
322,X1-322,2
323,A4-323,3
324,C200-324,4
325,Duster-325,5
326,Ateca-326,6
327,Model 3-327,7
328,Model Y-328,8
329,E-Pace-329,9
330,Cayenne-330,10
331,Corolla-331,11
332,Yaris-332,12
333,Auris-333,13
334,Golf-334,14
335,Passat-335,15
336,Octavia-336,16
337,Fabia-337,17
338,Ceed-338,18
339,Sportage-339,19
340,Tucson-340,20
341,Focus-341,21
342,Astra-342,22
343,Clio-343,23
344,Megane-344,24
345,208-345,25
346,308-346,26
347,Tipo-347,27
348,Qashqai-348,28
349,CX-5-349,29
350,Civic-350,30
351,V40-351,31
352,X1-352,32
353,A4-353,33
354,C200-354,34
355,Duster-355,35
356,Ateca-356,36
357,Model 3-357,37
358,Model Y-358,38
359,E-Pace-359,39
360,Cayenne-360,40
361,Corolla-361,41
362,Yaris-362,42
363,Auris-363,43
364,Golf-364,44
365,Passat-365,45
366,Octavia-366,46
367,Fabia-367,47
368,Ceed-368,48
369,Sportage-369,49
370,Tucson-370,50
371,Focus-371,51
372,Astra-372,52
373,Clio-373,53
374,Megane-374,54
375,208-375,55
376,308-376,56
377,Tipo-377,57
378,Qashqai-378,58
379,CX-5-379,59
380,Civic-380,60
381,V40-381,61
382,X1-382,62
383,A4-383,63
384,C200-384,64
385,Duster-385,65
386,Ateca-386,66
387,Model 3-387,67
388,Model Y-388,68
389,E-Pace-389,69
390,Cayenne-390,70
391,Corolla-391,71
392,Yaris-392,72
393,Auris-393,73
394,Golf-394,74
395,Passat-395,75
396,Octavia-396,76
397,Fabia-397,77
398,Ceed-398,78
399,Sportage-399,79
400,Tucson-400,80
