1,Oddział Ostrołęka,+48 22 339 63 60,lidia66@example.net,08:00-20:00,27/02,306,65-989
2,Oddział Luboń,791 718 702,pzgola@example.org,08:00-20:00,74,858,44-639
3,Oddział Białogard,+48 501 586 578,szpytkrzysztof@example.org,08:00-20:00,43/16,602,13-779
4,Oddział Kłodzko,+48 791 724 005,zapasnikmaurycy@example.com,08:00-20:00,238,594,53-580
5,Oddział Pszczyna,+48 32 222 19 69,soniarasala@example.org,08:00-20:00,74,676,59-262
6,Oddział Bielsk Podlaski,507 482 175,kaja47@example.com,08:00-20:00,67,502,14-243
7,Oddział Kołobrzeg,+48 695 944 064,matwiejczykfranciszek@example.net,08:00-20:00,74/39,887,46-225
8,Oddział Kłodzko,699 421 047,sygutdariusz@example.net,08:00-20:00,14,153,42-766
9,Oddział Żyrardów,663 285 884,juliuszmadajczyk@example.com,08:00-20:00,517,458,10-145
10,Oddział Polkowice,726 851 604,gawliczekleonard@example.net,08:00-20:00,49/65,552,14-692
11,Oddział Pabianice,+48 570 985 931,tsornat@example.net,08:00-20:00,120,496,05-312
12,Oddział Brzeg,571 382 675,vlampa@example.net,08:00-20:00,61,354,63-631
13,Oddział Sieradz,730 537 735,rychcikleonard@example.net,08:00-20:00,50/64,341,25-992
14,Oddział Wałbrzych,+48 22 713 90 05,hubertwolodzko@example.net,08:00-20:00,18,566,27-601
15,Oddział Stargard Szczeciński,22 352 90 42,rozaliaroczniak@example.org,08:00-20:00,02,782,02-367
16,Oddział Chełm,+48 695 024 026,pasiecznawiktor@example.com,08:00-20:00,589,557,14-463
17,Oddział Jasło,729 084 700,zjachimczak@example.com,08:00-20:00,17/71,387,11-330
18,Oddział Krotoszyn,601 249 985,hfrys@example.com,08:00-20:00,896,467,13-813
19,Oddział Bartoszyce,578 367 365,abelz@example.net,08:00-20:00,56,956,41-682
20,Oddział Stalowa Wola,882 711 116,tadychmariusz@example.org,08:00-20:00,09/88,330,43-687
21,Oddział Wałbrzych,+48 515 604 945,mijasdorota@example.org,08:00-20:00,73,891,14-359
22,Oddział Oława,881 493 689,ziarekcezary@example.org,08:00-20:00,44,194,44-360
23,Oddział Kraków,662 961 201,albertgetka@example.com,08:00-20:00,254,715,93-333
24,Oddział Łaziska Górne,+48 699 102 290,bialksara@example.net,08:00-20:00,797,245,54-280
25,Oddział Stargard Szczeciński,32 815 61 49,qbylina@example.com,08:00-20:00,36,586,77-057
26,Oddział Kraków,694 324 451,kleczarkornelia@example.org,08:00-20:00,68,393,91-236
27,Oddział Jasło,+48 665 160 607,kliszjedrzej@example.net,08:00-20:00,966,240,38-118
28,Oddział Zduńska Wola,505 297 516,ruszeljustyna@example.net,08:00-20:00,816,877,40-764
29,Oddział Wejherowo,725 218 188,natanielzmarzly@example.net,08:00-20:00,23/12,795,33-203
30,Oddział Jelenia Góra,+48 722 127 799,kfurmankiewicz@example.net,08:00-20:00,95/52,421,57-070
31,Oddział Kwidzyn,+48 534 490 581,marcelina70@example.org,08:00-20:00,411,45,79-609
32,Oddział Cieszyn,+48 507 980 793,lidia82@example.org,08:00-20:00,151,326,65-662
33,Oddział Jelenia Góra,513 778 892,mariusz46@example.com,08:00-20:00,905,763,09-338
34,Oddział Rybnik,+48 666 449 251,natanielkorzekwa@example.net,08:00-20:00,62/91,485,40-573
35,Oddział Dębica,+48 735 281 685,godzikfabian@example.org,08:00-20:00,57,723,25-232
36,Oddział Chorzów,601 418 880,adrian96@example.org,08:00-20:00,29,936,22-739
37,Oddział Bolesławiec,516 537 947,ewelinajaremko@example.com,08:00-20:00,359,831,57-473
38,Oddział Płońsk,786 886 239,iwosolarek@example.net,08:00-20:00,581,391,92-867
39,Oddział Czechowice-Dziedzice,+48 22 141 24 78,justynaoleksiewicz@example.org,08:00-20:00,506,396,07-406
40,Oddział Jasło,883 615 305,orawiecjozef@example.org,08:00-20:00,04,680,61-713
41,Oddział Chorzów,32 779 01 04,krystianczochara@example.net,08:00-20:00,86/14,812,31-309
42,Oddział Wałbrzych,513 697 117,siedlarzida@example.net,08:00-20:00,24,841,55-002
43,Oddział Turek,883 962 185,hankiewiczinga@example.net,08:00-20:00,80/67,668,06-651
44,Oddział Nysa,884 051 531,lukasz05@example.net,08:00-20:00,277,156,81-187
45,Oddział Tarnów,537 043 030,fabian86@example.net,08:00-20:00,403,508,37-366
46,Oddział Środa Wielkopolska,515 415 667,lmatraszek@example.com,08:00-20:00,75/84,988,11-745
47,Oddział Świdnik,536 928 451,skubisgustaw@example.com,08:00-20:00,962,38,89-455
48,Oddział Starogard Gdański,+48 530 596 401,gpenkala@example.net,08:00-20:00,20/29,130,87-801
49,Oddział Bolesławiec,512 135 569,tomalmarcin@example.net,08:00-20:00,557,515,98-079
50,Oddział Ząbki,608 565 431,mietkadaniel@example.com,08:00-20:00,68/14,989,34-721
