1,22,14,Adrianna,Neska,25322047315,601 727 155,lesnarozalia@example.com,2025-04-22
2,44,14,Damian,Lukas,92091325838,573 237 058,roksana82@example.net,2025-03-27
3,35,7,Wiktor,Strycharz,56073078666,22 912 51 77,hubert89@example.org,2024-01-26
4,21,11,Adrian,Poreda,68092101821,782 253 584,roczniakkonrad@example.net,2025-12-15
5,46,15,Jacek,Szymanik,82112398189,+48 732 992 299,sylwia00@example.org,2016-11-05
6,49,8,Aurelia,Zygmuntowicz,85120396907,+48 578 447 364,skupidura@example.org,2017-12-21
7,35,1,Urszula,Poczta,64040759252,+48 22 556 25 88,lorenstadeusz@example.com,2017-08-13
8,40,2,Aniela,Młot,26092504693,+48 513 259 532,dtluczek@example.com,2025-03-08
9,16,11,Sonia,Matulewicz,20110268736,699 500 479,ilesiewicz@example.org,2024-11-11
10,44,15,Kornelia,Janke,12300356509,+48 500 983 584,bembenekdorota@example.com,2024-01-14
11,19,4,Konstanty,Bejnarowicz,25221591218,+48 505 585 239,csass@example.org,2016-10-12
12,48,2,Józef,Gęca,65050772983,605 952 694,dorota88@example.com,2023-06-25
13,28,2,Radosław,Ciapa,05210755162,+48 694 097 499,mikolajhan@example.com,2018-02-04
14,49,11,Fryderyk,Radzewicz,05291430914,690 756 263,xtarasek@example.net,2025-08-06
15,46,14,Stanisław,Buchholz,26053038573,+48 606 527 858,blazej97@example.org,2025-12-19
16,7,8,Konstanty,Jachna,45010744373,797 584 419,zszumna@example.com,2025-12-09
17,11,12,Tymon,Pietrak,15041015746,+48 887 338 484,dominikwnuczek@example.net,2022-04-05
18,20,15,Andrzej,Szałas,88020483302,576 571 208,kalinabisaga@example.com,2021-03-02
19,2,1,Ksawery,Laszkiewicz,22231754015,+48 739 380 262,osipiukewa@example.com,2018-04-03
20,21,13,Aleks,Wacławiak,14092749912,794 788 728,mwakula@example.org,2019-09-12
21,4,5,Róża,Pęksa,40032720545,+48 693 296 685,maslonpatryk@example.org,2026-03-18
22,23,6,Malwina,Malara,18321204638,+48 534 549 904,marek01@example.com,2019-06-17
23,28,3,Olga,Oczko,68090741452,+48 723 327 279,urszula87@example.net,2024-05-30
24,16,9,Przemysław,Stupak,39020591876,+48 605 191 088,anitaharaburda@example.org,2018-01-14
25,27,10,Angelika,Gogol,23111639712,+48 607 072 867,wojtanowiczmarcelina@example.net,2024-06-17
26,44,13,Michał,Tylman,39112903916,516 518 017,weremczukkalina@example.org,2024-01-31
27,12,3,Sandra,Maszczyk,25272567660,538 251 286,arturcholody@example.org,2023-12-15
28,12,2,Radosław,Wowra,88070886865,22 337 52 43,planetasandra@example.net,2024-01-20
29,40,14,Kacper,Kopyt,34041919072,+48 720 306 738,adamgagala@example.net,2026-04-30
30,25,10,Jerzy,Wolańczyk,16291095991,32 534 28 36,jacek08@example.net,2025-03-10
31,44,4,Tymoteusz,Franków,89021587057,+48 736 856 624,wzacharek@example.net,2021-02-15
32,32,15,Artur,Kubiaczyk,09311327082,+48 516 882 634,kornelkoperek@example.org,2025-08-12
33,38,3,Leonard,Trybuś,72071130467,+48 789 901 398,malwinaradke@example.com,2019-06-04
34,15,8,Bartek,Leszkiewicz,19220717399,+48 793 638 546,poleksak@example.com,2019-06-23
35,41,5,Olgierd,Przekop,12301871757,695 560 932,kosiakbianka@example.net,2022-03-08
36,30,5,Urszula,Matura,28012753697,22 378 54 77,umoron@example.com,2018-01-31
37,43,1,Inga,Górnisiewicz,31092880803,22 100 62 31,mateuszkowaluk@example.net,2020-12-13
38,30,15,Stanisław,Senger,84051497709,508 860 084,kacper86@example.org,2017-06-17
39,19,11,Patryk,Korta,27083139847,22 546 15 67,arturszyndler@example.net,2024-09-02
40,35,3,Maksymilian,Supernak,25260501667,+48 508 700 217,yglazik@example.com,2022-01-19
41,5,8,Patryk,Cheba,71082903392,+48 574 014 890,jedrzejpasnik@example.org,2022-04-06
42,23,10,Ewa,Tomalak,45020993969,+48 788 562 185,rodzenjustyna@example.org,2024-10-11
43,20,11,Cyprian,Tomal,99080796509,+48 734 773 586,rmich@example.net,2022-12-31
44,28,12,Karol,Burzec,82022531148,606 265 511,kosiecsara@example.com,2024-01-03
45,17,8,Paweł,Syroka,20070867884,+48 606 101 581,ernest04@example.com,2020-04-08
46,20,4,Karol,Bystrek,14320439820,+48 786 224 447,wiktorkomuda@example.com,2019-02-25
47,25,14,Radosław,Poczta,01230754370,+48 729 371 240,nkloska@example.com,2024-06-07
48,31,2,Kornel,Szumiło,49032292454,+48 723 752 654,ybuszko@example.org,2019-08-26
49,16,7,Konstanty,Łudzik,01272151933,+48 698 280 737,krzysztof67@example.org,2022-09-22
50,37,6,Tadeusz,Szałaj,86101866174,+48 727 968 868,bancerzolgierd@example.net,2025-05-07
51,37,5,Julita,Moneta,84060311353,669 096 561,kazimierczukrobert@example.org,2021-07-01
52,45,5,Eliza,Jachna,77092493755,+48 507 982 507,kaperaurszula@example.org,2017-07-21
53,2,14,Julian,Żynda,46072873874,887 177 514,antoszczykoliwier@example.org,2024-11-19
54,43,7,Dominik,Przewłoka,03231438288,665 867 362,korneliawolkowicz@example.org,2023-10-07
55,18,1,Konrad,Olearczyk,79020260338,731 918 255,rozabrzykcy@example.com,2023-02-06
56,37,14,Marika,Amanowicz,22260959698,+48 509 155 792,tola12@example.com,2017-07-27
57,44,13,Norbert,Strzępek,31081728660,+48 722 966 278,dagmarakumorek@example.com,2019-04-13
58,48,1,Daniel,Sura,08212490501,+48 572 368 876,tciochon@example.com,2021-04-12
59,39,12,Karol,Salwin,13122134041,728 427 978,dorobekoliwier@example.com,2024-02-22
60,32,14,Dariusz,Bilik,05302507837,+48 511 340 745,swierkotignacy@example.org,2018-06-28
61,19,13,Julianna,Goik,51012496293,603 309 584,kazimierzdyda@example.com,2019-04-14
62,15,10,Cezary,Szwaj,70012412609,732 232 536,kgarczarek@example.net,2019-01-29
63,23,4,Urszula,Strug,62102816844,+48 795 775 901,qkrzysztoszek@example.net,2019-12-22
64,41,4,Wiktor,Czulak,72052136378,735 458 929,voczkowicz@example.net,2024-01-06
65,40,5,Aleksander,Słabosz,83011170124,+48 537 063 242,tomasz54@example.org,2020-02-10
66,44,13,Leon,Wesoły,56051443615,+48 791 037 129,elizamalcharek@example.com,2016-06-25
67,47,13,Cyprian,Leoniuk,24051962713,726 111 554,fryderykmszyca@example.org,2022-10-22
68,43,11,Julian,Mućka,71120709270,883 269 731,gagalamarcel@example.net,2023-09-10
69,9,11,Nataniel,Ofiara,46111623415,728 999 404,elizaczapiga@example.net,2018-04-12
70,7,15,Kamila,Kapera,85050737618,727 918 055,tobiaszsiewert@example.net,2020-08-07
71,41,11,Inga,Olszyna,30060871094,530 430 068,nela66@example.net,2020-05-31
72,3,5,Julita,Rapa,81110841415,+48 603 285 691,justyna30@example.org,2017-04-02
73,29,1,Justyna,Fulara,62122590423,570 202 758,leon52@example.net,2024-03-15
74,38,6,Cezary,Kostorz,13232005644,+48 601 491 778,adam79@example.org,2020-01-26
75,47,3,Juliusz,Nijak,22043091384,500 030 756,kajetanzlotek@example.org,2021-12-02
76,6,15,Sandra,Dzierwa,47092165415,+48 695 180 238,lindakrzysztof@example.com,2025-01-19
77,19,6,Fabian,Job,20053170534,789 493 759,xwygoda@example.org,2023-09-19
78,48,7,Inga,Parkitna,02292220601,728 505 064,hendzelliwia@example.org,2020-08-03
79,12,4,Stanisław,Dorociak,92121110382,+48 515 719 182,lkoj@example.net,2017-01-05
80,9,13,Adrian,Ufnal,44032456554,+48 534 313 291,dominikkamela@example.com,2021-01-19
81,35,15,Kalina,Pizoń,72072337474,731 124 903,tymon13@example.com,2020-05-09
82,24,9,Franciszek,Przewłoka,45012120676,+48 668 317 121,hameraborys@example.org,2018-05-16
83,33,15,Blanka,Cetera,90010119940,22 101 37 21,marcel07@example.org,2018-01-26
84,18,14,Anita,Matyjas,05291567061,+48 786 253 244,jgarczyk@example.org,2022-07-14
85,11,5,Andrzej,Chachaj,44081668702,534 626 383,pietrasmaurycy@example.com,2021-11-02
86,31,13,Ada,Basista,16240685644,660 593 040,wwosko@example.net,2026-05-22
87,19,12,Damian,Śleziak,39022234809,32 396 52 23,maurycy90@example.net,2023-05-26
88,22,13,Nicole,Torbus,26111637841,667 010 393,darazmalwina@example.org,2019-09-16
89,8,8,Ksawery,Dziugieł,25071225004,609 218 515,gkabza@example.com,2019-05-30
90,5,3,Łukasz,Budniak,95050767524,+48 798 953 926,gustaw22@example.net,2016-05-29
91,49,4,Anita,Maćczak,09212990299,799 391 725,fleszarmieszko@example.com,2018-01-26
92,44,12,Dawid,Swacha,92081957045,693 154 100,uliedtke@example.com,2026-01-31
93,44,7,Klara,Pupek,12290458610,22 793 27 10,michal54@example.org,2017-02-18
94,36,6,Alan,Steuer,53121118152,+48 729 706 296,mikolajsmetek@example.com,2018-06-12
95,6,13,Rafał,Melka,91040884440,721 069 872,cisjakub@example.com,2017-04-08
96,26,1,Malwina,Bzymek,21082332416,+48 571 467 741,xbareja@example.com,2020-02-01
97,17,9,Adrianna,Seta,40120774340,+48 690 211 586,biankasurdyk@example.com,2024-07-29
98,8,8,Sandra,Posmyk,90020379370,781 608 989,ignacyswic@example.com,2018-02-13
99,24,11,Leon,Leszkiewicz,04230420612,+48 786 329 451,bakiewiczdagmara@example.com,2021-11-29
100,48,11,Jacek,Rosołek,63071609989,+48 32 616 22 99,pindorsylwia@example.org,2024-04-01
101,17,10,Julita,Bobik,50041364674,+48 699 702 462,zbernatowicz@example.com,2023-04-19
102,25,14,Franciszek,Pasieczna,65070845054,22 444 71 32,sara54@example.net,2020-07-23
103,41,6,Dawid,Mrózek,61081967853,22 082 14 86,anna-mariadoliwa@example.net,2016-09-05
104,7,11,Eryk,Maciuszek,07210503073,515 345 786,dzikiewiczantoni@example.org,2020-02-12
105,15,8,Gaja,Hubert,30122979850,882 414 060,anitazabierek@example.org,2024-12-18
106,2,10,Artur,Kuban,34051668007,+48 572 290 349,jacek66@example.com,2020-12-24
107,36,6,Przemysław,Gwara,45061089696,570 858 994,dominik71@example.com,2026-04-11
108,40,4,Arkadiusz,Kuźnia,42070643288,32 309 65 20,qkapera@example.com,2020-06-08
109,42,2,Piotr,Rasała,92071293531,+48 788 758 428,gustawkarys@example.com,2017-09-02
110,41,14,Robert,Wabik,04222825131,883 465 549,marcelina17@example.org,2025-01-20
111,30,15,Janina,Patoka,19320717385,576 846 022,cyprianmelka@example.net,2025-04-27
112,45,5,Róża,Widuch,47020321753,+48 732 500 743,aureliakempny@example.org,2021-04-15
113,42,7,Dawid,Kruszka,81090266679,+48 500 083 505,kacperberendt@example.org,2022-08-29
114,8,3,Witold,Pakos,90110354210,+48 508 942 104,agnieszka89@example.net,2019-10-09
115,3,1,Łukasz,Żołna,25321175327,+48 32 603 32 30,marcelrubaj@example.net,2022-11-24
116,20,8,Piotr,Strug,12212748908,+48 720 100 167,jtopa@example.com,2021-02-18
117,8,2,Marcin,Fronczek,91011304614,+48 788 499 261,podporaoliwier@example.org,2021-05-15
118,16,15,Ksawery,Częścik,40112483560,782 087 375,jakubfikus@example.net,2017-04-13
119,35,3,Kamil,Prokurat,76122972189,531 437 447,dziechciarztymoteusz@example.org,2024-11-30
120,25,8,Olgierd,Hałka,88112361109,502 255 794,paciacyprian@example.org,2017-07-12
121,24,11,Blanka,Spadło,41120467629,572 021 697,nswatek@example.com,2024-03-08
122,48,12,Antoni,Gotfryd,89101627712,+48 517 014 508,natankazana@example.net,2023-04-11
123,35,7,Patryk,Poreda,87022537569,608 900 287,klabus@example.org,2023-11-27
124,38,12,Kazimierz,Karłowicz,48101040839,+48 666 631 779,fkopij@example.com,2019-07-21
125,47,3,Sonia,Skup,86030816606,+48 668 019 948,agnieszkagogola@example.com,2024-08-23
126,27,11,Artur,Wiercigroch,63021089979,+48 795 711 305,aleks88@example.com,2023-05-31
127,7,14,Aleksander,Kubieniec,29060826142,+48 723 316 373,dominik60@example.net,2024-10-07
128,32,10,Julianna,Baranowicz,99121877989,607 080 869,xdoruch@example.org,2023-04-24
129,27,5,Tymoteusz,Józefczak,04321716990,798 669 346,gustaw72@example.org,2020-07-08
130,3,12,Ida,Harasimiuk,08231085836,693 945 228,oliwier58@example.com,2022-03-21
131,24,4,Urszula,Maziarczyk,97022284606,+48 601 062 003,milosz44@example.org,2024-10-14
132,29,8,Gustaw,Węgrzynowicz,97102305717,+48 728 386 384,baumgarttobiasz@example.com,2025-12-16
133,16,14,Jędrzej,Skałka,16081943976,22 359 89 33,adrianna21@example.org,2026-01-06
134,24,2,Ida,Murach,54022364846,602 940 572,kusekkazimierz@example.net,2016-11-24
135,44,6,Emil,Eckert,02210885150,+48 603 281 826,wmainka@example.org,2025-03-24
136,35,15,Kornel,Bogaczyk,52033039878,+48 660 157 399,maciejpyrz@example.com,2020-03-16
137,42,6,Oliwier,Durys,40022740854,+48 608 770 435,prokopczykleon@example.net,2021-09-21
138,4,7,Wiktor,Janczarek,88022536138,+48 666 120 750,chomiukmikolaj@example.org,2024-05-02
139,18,4,Dagmara,Drózd,77020134660,+48 536 650 618,tomawiktor@example.net,2022-04-01
140,8,14,Wojciech,Hallmann,18211714496,534 766 072,lukaszpys@example.com,2024-05-11
141,30,2,Inga,Erdmann,21300724508,+48 668 210 099,jdziadkiewicz@example.org,2019-06-10
142,43,4,Mieszko,Leszkiewicz,58040582228,729 431 290,jjarka@example.org,2019-04-19
143,42,11,Krzysztof,Roczniak,21101397552,603 149 135,vzelazo@example.net,2022-12-26
144,39,1,Janina,Kolanek,75123055628,505 336 452,malwina77@example.com,2024-02-21
145,4,13,Ada,Zyzik,23010791427,+48 663 411 080,lmandrysz@example.org,2025-06-15
146,22,4,Bianka,Porwoł,73060887250,+48 503 942 788,marachdariusz@example.net,2016-06-30
147,9,13,Tadeusz,Dorna,22232092824,+48 532 299 275,simonada@example.org,2017-01-07
148,37,4,Leonard,Sztaba,15051138569,+48 577 005 184,elzbieta89@example.org,2020-02-27
149,5,14,Albert,Tasarz,78072518468,728 655 779,taraseksebastian@example.com,2018-01-17
150,49,9,Igor,Wasążnik,85011332221,889 136 517,nwenda@example.net,2018-01-02
151,14,10,Klara,Dulewicz,38082929922,608 092 024,elizaplebanek@example.net,2026-01-31
152,14,14,Kacper,Ludwin,93111041374,+48 727 723 692,apoloniadykas@example.org,2023-08-20
153,15,6,Cyprian,Fal,79080413664,601 038 862,roklidia@example.net,2022-05-23
154,50,3,Ewelina,Rubin,97090117297,+48 660 686 508,zradziewicz@example.com,2024-04-15
155,39,1,Fryderyk,Gorol,78092191629,737 314 986,rafal00@example.net,2021-08-13
156,18,14,Angelika,Pych,53112335652,572 694 486,jacek63@example.com,2021-11-29
157,10,3,Dagmara,Mroczko,31021588743,789 562 137,oskarneska@example.net,2020-05-25
158,35,5,Natan,Krata,74040502606,+48 32 127 96 11,borys51@example.net,2016-10-07
159,12,2,Ernest,Masłoń,81081284909,32 277 03 84,filipgierasimiuk@example.net,2021-07-01
160,43,14,Jerzy,Grzelec,30011905302,661 465 669,elizabondyra@example.net,2023-06-06
161,2,3,Tomasz,Salach,43052489551,22 439 37 69,kasicatymoteusz@example.com,2021-06-15
162,1,6,Melania,Szmajda,68100451847,+48 669 476 973,roza79@example.org,2021-03-18
163,16,10,Robert,Prucnal,54101333565,888 804 341,vpiekacz@example.com,2017-02-24
164,21,1,Kajetan,Szkoła,46102039427,+48 883 733 343,ksawerycholody@example.org,2024-10-03
165,12,5,Maurycy,Matulka,00293011792,508 075 957,marika28@example.com,2020-05-15
166,4,3,Aurelia,Kuran,16090367808,+48 605 627 187,mateusz03@example.com,2022-03-15
167,48,7,Arkadiusz,Nalazek,81062242841,724 795 527,akarpik@example.net,2023-11-30
168,34,2,Dariusz,Warzybok,56111072928,+48 693 143 866,tymonpotok@example.net,2017-11-20
169,48,2,Mateusz,Janczura,59041628854,+48 32 744 89 06,maciejewiczmilosz@example.org,2018-07-19
170,31,8,Juliusz,Szkoła,07291817542,885 884 506,zmarzlykonrad@example.net,2022-02-24
171,50,6,Julita,Zachwieja,24210145588,+48 577 169 472,natanniecko@example.net,2022-07-07
172,33,10,Olga,Szmagaj,15281212532,795 449 647,julianna87@example.com,2018-01-24
173,7,8,Michał,Szymanik,94102441322,+48 501 117 800,wkoziarz@example.org,2017-06-06
174,33,4,Marcin,Łyskawa,86050964332,+48 884 722 820,nastalymaurycy@example.com,2025-01-13
175,40,1,Roksana,Zgoła,73020648725,+48 798 299 796,mieszko78@example.org,2024-06-09
176,47,13,Sara,Labudda,52102742409,508 254 780,erudyk@example.com,2016-06-25
177,43,9,Kornelia,Pajdak,44051530859,696 866 326,qwarmuz@example.org,2020-08-12
178,20,8,Tadeusz,Kocurek,99012994489,+48 32 463 12 24,pochronagnieszka@example.net,2020-12-01
179,42,1,Marika,Mrózek,47080320802,661 442 703,dawidczykbartek@example.com,2018-07-25
180,4,8,Sandra,Padło,01271575703,791 204 618,mbaczkiewicz@example.com,2024-07-25
181,26,7,Bartek,Smutek,23261236733,+48 880 371 837,tduzy@example.com,2017-12-23
182,44,2,Maciej,Szymała,19221881475,+48 734 350 313,azajko@example.org,2024-05-02
183,32,12,Janina,Hinca,56042230095,+48 32 792 51 32,rwalo@example.net,2019-10-11
184,29,2,Stanisław,Kanarek,51081928129,+48 573 585 730,ubudzyn@example.org,2018-11-24
185,6,6,Maciej,Hewelt,92051284872,699 285 574,krzysztofmaterka@example.org,2020-11-19
186,39,3,Błażej,Dusik,52122308629,509 593 518,hwarczak@example.net,2021-05-14
187,5,3,Bianka,Golda,81070356510,578 102 203,stachoweryk@example.org,2016-09-16
188,18,10,Tobiasz,Suchenek,67032299400,883 910 371,okrata@example.org,2020-01-01
189,41,10,Urszula,Michnowicz,53031609481,511 413 811,ewelinalosiak@example.org,2018-04-28
190,36,12,Witold,Nieradko,82120628861,+48 881 957 612,krystynagryka@example.net,2019-10-07
191,21,7,Damian,Maraszek,26231875581,795 665 939,albertszajner@example.net,2025-08-27
192,39,9,Juliusz,Pasierbek,21321176009,789 082 404,brunokiepas@example.com,2016-08-10
193,19,8,Jacek,Guzdek,69091399217,517 522 459,jerzycybul@example.com,2017-04-23
194,33,10,Blanka,Iskierka,16311215729,+48 579 194 096,wyciszkiewiczadam@example.com,2019-11-14
195,28,2,Justyna,Skalik,18242013900,+48 736 048 058,arkadiuszornat@example.net,2018-08-07
196,45,2,Franciszek,Piekacz,95040467997,+48 601 364 622,karol79@example.net,2016-11-19
197,42,11,Blanka,Kutera,20040586229,+48 578 376 938,andrzejoska@example.com,2024-02-28
198,50,9,Kazimierz,Buszta,17280411660,885 355 904,natanielmalas@example.com,2022-08-16
199,47,14,Monika,Orman,17280733522,32 110 39 24,majnuszkamil@example.com,2020-11-22
200,14,7,Michał,Morek,34082183388,+48 604 879 206,maszotaalan@example.org,2019-03-26
201,29,15,Jeremi,Lizoń,64042901640,+48 785 104 636,piotrowiakada@example.net,2021-09-15
202,15,7,Daniel,Straszak,68062078003,728 457 620,maks54@example.org,2026-05-09
203,22,14,Nela,Giec,04272846089,733 256 216,urszulaseidel@example.net,2017-12-01
204,30,7,Fabian,Świerad,48080382328,+48 698 324 826,sylwiatylka@example.com,2017-01-25
205,27,12,Ewelina,Tymczyszyn,24021552054,+48 516 474 231,danielkwasek@example.net,2022-07-24
206,7,6,Nicole,Block,37030633058,537 289 752,eszyba@example.org,2018-01-11
207,28,6,Artur,Feret,57101504630,+48 883 312 797,roza36@example.com,2024-02-26
208,43,5,Fryderyk,Prasek,46090999983,+48 600 817 703,creiter@example.net,2020-04-07
209,24,3,Franciszek,Warczak,44030264478,666 490 827,uwiech@example.net,2017-07-10
210,44,15,Janina,Doroszuk,91022126656,+48 530 279 371,kazimierz21@example.org,2017-07-14
211,31,2,Aniela,Wisła,52062986891,666 860 259,milosztywoniuk@example.org,2018-03-07
212,6,14,Mikołaj,Giedrojć,46021674211,603 094 077,zjaszczur@example.org,2022-06-21
213,6,2,Anastazja,Fleszar,35072077678,539 903 849,franciszekbareja@example.org,2016-12-10
214,28,2,Nataniel,Pyda,27040409947,791 016 224,agnieszkabres@example.net,2019-12-29
215,48,12,Piotr,Gruszczyk,99071755610,32 681 47 21,kornel86@example.net,2018-06-28
216,24,13,Nikodem,Chaberek,17022198178,+48 889 469 548,adrian99@example.com,2021-08-03
217,9,9,Sonia,Tabiś,04221393433,501 071 396,vbulanda@example.com,2021-12-30
218,4,10,Bruno,Chmara,84091444149,788 850 155,kcyba@example.net,2025-12-29
219,36,9,Tymoteusz,Lemieszek,48092457702,+48 732 727 857,dklepka@example.net,2019-05-21
220,22,11,Jędrzej,Dziób,72072139557,532 405 682,mwojnicz@example.org,2025-01-14
221,8,7,Norbert,Kuciak,09312404614,+48 573 574 384,kamilplesniak@example.org,2024-03-03
222,23,14,Tomasz,Leśny,69020178234,797 845 218,gabrielcyba@example.org,2020-12-26
223,43,13,Angelika,Lindner,10111409153,+48 530 184 094,kazimierzbubak@example.org,2019-04-04
224,28,14,Ewelina,Lorens,00211414223,731 098 813,krystyna54@example.org,2025-10-28
225,47,1,Ryszard,Panasiewicz,38101614950,+48 667 020 701,fserwa@example.com,2020-04-23
226,19,10,Gaja,Glica,79022579544,793 817 921,dkrecisz@example.com,2023-03-28
227,20,6,Roksana,Graj,37040832946,886 255 770,buchalikkamil@example.com,2021-03-06
228,7,10,Alan,Sochaj,99062299282,576 158 148,lmaslon@example.com,2018-10-11
229,33,4,Andrzej,Koronkiewicz,28110276153,699 669 583,igorceynowa@example.net,2022-02-18
230,10,11,Ada,Ochal,79013175816,22 724 61 91,fdziadura@example.net,2022-12-29
231,31,4,Tomasz,Łosiewicz,05230290227,+48 538 469 973,alexwijata@example.net,2024-05-02
232,7,6,Emil,Sadownik,93082851901,+48 728 624 058,borysewiczmelania@example.com,2017-06-27
233,36,6,Ryszard,Hanas,14010469652,+48 796 666 832,mgajzler@example.net,2020-03-27
234,8,13,Olgierd,Merda,58101642207,530 276 212,dkuster@example.net,2022-06-08
235,18,10,Kaja,Markiel,31040186876,+48 505 326 909,ukurzaj@example.org,2023-07-07
236,15,13,Cezary,Ryszkiewicz,17311595004,+48 697 519 712,roksana81@example.net,2025-04-16
237,28,14,Dawid,Bryzek,65031318942,+48 720 580 778,upasiak@example.com,2020-08-07
238,36,13,Gustaw,Capała,29102894948,517 929 049,jaszczyszynada@example.org,2017-08-29
239,40,10,Igor,Kielczyk,01242342949,734 019 292,zmilcarz@example.org,2019-01-02
240,44,11,Marek,Jany,31051480512,609 276 637,nikodemochota@example.net,2024-10-23
241,36,1,Mikołaj,Majtyka,41012310273,+48 507 478 366,jkutera@example.net,2025-02-04
242,39,15,Bartek,Kunert,17321376587,+48 780 185 694,jeremi41@example.com,2022-12-08
243,43,14,Kamila,Bazyluk,00212939389,792 580 010,hrodzen@example.org,2023-04-01
244,45,5,Nataniel,Neubauer,94071043000,+48 721 093 911,demianczukadrian@example.com,2022-12-15
245,2,3,Sylwia,Młocek,22280112442,+48 531 746 542,perczakstanislaw@example.com,2020-04-11
246,18,12,Stanisław,Rudolf,21233042715,+48 573 962 712,nowsiak@example.net,2017-06-15
247,49,5,Sara,Kajdan,40060801191,+48 884 707 200,jwojsa@example.net,2019-09-09
248,22,6,Kamila,Lizurej,10102777663,+48 22 183 06 71,jozef46@example.org,2022-09-18
249,1,3,Tomasz,Tasarz,72052951740,+48 733 280 634,goglaza@example.net,2023-04-13
250,10,10,Ada,Więckiewicz,13212873203,690 937 618,sonia87@example.org,2016-10-05
251,43,7,Adam,Rogal,01301006131,+48 32 878 29 31,mycekjulian@example.com,2022-12-06
252,5,3,Natasza,Pawela,15091520201,781 792 911,klingergaja@example.net,2018-08-06
253,48,11,Ksawery,Sereda,49071065190,+48 662 530 925,pizonjacek@example.org,2023-12-20
254,2,2,Alan,Pryk,53042127398,512 196 207,andersjan@example.org,2025-08-27
255,48,9,Tola,Bartoszczyk,43042272327,+48 734 876 329,wlazlygrzegorz@example.net,2021-05-23
256,14,7,Dawid,Surmiak,06240745602,+48 663 318 195,marcelinawylupek@example.net,2022-12-26
257,27,8,Jacek,Lizoń,32111127721,660 054 364,agnieszka01@example.net,2016-11-30
258,22,3,Julita,Balas,28092207811,533 799 563,olaf15@example.org,2017-05-16
259,24,5,Klara,Dietrich,33080231796,+48 570 623 972,iscibior@example.com,2023-08-04
260,47,6,Maurycy,Kostek,33110620901,732 177 625,gustawhalik@example.org,2024-04-15
261,50,10,Alan,Mijas,22320531688,+48 573 977 406,witoldjob@example.com,2022-03-09
262,39,2,Tola,Szurek,16252106003,+48 578 068 671,pjudek@example.org,2021-12-23
263,4,3,Bartek,Kurz,95041332544,721 074 279,freitagmarcelina@example.org,2025-02-18
264,11,13,Olga,Bareja,02210657012,+48 505 804 649,maksymilianarendarczyk@example.com,2023-10-01
265,40,1,Adam,Tłuczek,20211950163,887 905 528,domkagabriel@example.org,2026-03-16
266,44,2,Tadeusz,Tusk,23072679334,795 486 401,mieszko77@example.net,2021-08-28
267,18,8,Marcel,Kapcia,92092484794,881 371 162,igor12@example.com,2017-07-06
268,43,7,Tymon,Chowaniak,27110738045,+48 518 275 670,rafal10@example.org,2024-09-28
269,32,10,Angelika,Jarka,49050995573,+48 698 877 492,alan43@example.com,2020-02-10
270,29,7,Stefan,Duras,08262125479,669 284 222,marekforysiak@example.org,2026-05-01
271,18,4,Aurelia,Friedrich,61071552382,+48 790 552 578,ewelinaposluszny@example.org,2025-08-06
272,49,9,Olga,Chorążewicz,99071775203,+48 888 854 749,sylwiaklus@example.com,2019-10-12
273,8,6,Kamil,Domińczak,65121402812,780 693 751,adam93@example.net,2021-08-28
274,28,2,Konstanty,Mysiak,13010387188,+48 503 759 980,ewa26@example.com,2020-04-02
275,19,11,Bartek,Bienia,50052747815,697 674 266,juliannacieplucha@example.org,2017-10-29
276,44,10,Emil,Cimoch,25211685192,32 610 64 62,kplak@example.org,2018-05-20
277,32,9,Fryderyk,Bartoś,74082204944,+48 578 730 024,natasza14@example.com,2018-03-09
278,43,5,Andrzej,Utrata,24032747197,+48 885 979 647,dydakida@example.net,2022-02-22
279,3,4,Robert,Parada,77111225727,882 045 650,aleks81@example.net,2018-05-01
280,26,10,Grzegorz,Dulemba,21051028553,22 445 18 95,bartekczerepak@example.net,2019-03-17
281,4,1,Ada,Zugaj,49111321321,+48 603 389 888,krzysztofekroza@example.org,2017-07-22
282,14,5,Adrian,Gruchot,66010645273,+48 728 524 013,juliansudak@example.org,2019-06-20
283,14,13,Nikodem,Włodarz,24231461100,32 760 31 08,gradekignacy@example.com,2016-10-28
284,9,13,Emil,Hawrylak,11080211934,+48 693 250 124,maks28@example.net,2022-07-10
285,17,5,Dorota,Behrendt,18042790836,+48 793 428 013,srubaj@example.net,2018-03-30
286,21,2,Dominik,Wawszczyk,07232366384,726 151 718,anastazjamaciejczuk@example.com,2023-06-10
287,1,8,Dagmara,Stefankiewicz,15020757168,787 947 386,marianna31@example.com,2025-10-13
288,48,7,Leonard,Filus,11111671676,+48 601 126 691,wiktorpachuta@example.org,2019-10-12
289,12,3,Gaja,Broniek,25242313671,739 946 579,gnowotka@example.com,2017-11-12
290,25,9,Agnieszka,Budner,24072677322,501 017 026,marcin49@example.net,2017-05-09
291,46,4,Igor,Węgrzyk,97073077347,+48 787 784 858,szokafilip@example.com,2025-03-12
292,33,9,Ignacy,Duczek,62080967707,512 842 762,tobiasz71@example.net,2023-02-21
293,43,13,Bianka,Trawka,72121777824,+48 600 647 969,ryszard50@example.org,2022-04-18
294,23,2,Hubert,Grotek,52112390566,576 556 503,marekskolik@example.com,2022-04-26
295,26,14,Wiktor,Ścieszka,45100552082,790 769 864,boduchnatasza@example.net,2016-08-12
296,48,1,Alex,Malcherek,76072159179,573 578 529,dariusz63@example.com,2022-09-30
297,28,1,Igor,Łokietek,09211134405,789 639 191,jeremi19@example.net,2021-02-22
298,30,15,Nikodem,Stawowczyk,02290848463,+48 788 536 649,wpastula@example.net,2018-03-13
299,5,14,Kacper,Siewiera,91122429738,+48 787 489 690,dariuszgryska@example.org,2018-10-18
300,21,10,Radosław,Broniek,60112351362,734 249 363,wojaczekeryk@example.org,2018-11-06
